5577323.517808, 1780436.704276, 541310.400175, 160549.832994, 53298.323159, 20472.518014, 10319.051747, 5168.759037, 3120.490776, 2111.380326, 1755.248153, 1525.467413, 1360.736599, 1284.637175, 1253.450878, 1227.316587, 1216.489900, 1204.542775, 1199.637443, 1190.465469, 1185.798469, 1180.420467, 1175.730802, 1168.795208, 1164.811771, 1161.476993, 1158.414691, 1150.333765, 1146.011259, 1141.932097, 1136.719396, 1132.730567, 1130.438218, 1125.675514, 1122.341401, 1116.683430, 1115.301770, 1102.489157, 1102.094837, 1100.587451, 1096.777726, 1092.764580, 1090.198629, 1087.420569, 1084.836840, 1078.161883, 1075.866096, 1072.759809, 1067.885684, 1066.056392, 1063.013944, 1058.887739, 1056.900244, 1053.951401, 1052.389946, 1049.299800, 1045.509914, 1042.001589, 1039.798819, 1036.694834, 1030.703051, 1028.585581, 1027.922034, 1024.658627, 1020.616637, 1019.098818, 1016.117332, 1013.485603, 1011.572309, 1009.023376, 1005.056915, 1002.796090, 998.133934, 995.662928, 993.718970, 992.038901, 988.453325, 986.398680, 985.092706, 983.266976, 980.780497, 977.713839, 975.813728, 974.103865, 970.406807, 969.036016, 965.372674, 964.168018, 962.176091, 960.057670, 958.399014, 956.668037, 954.029378, 953.000282, 951.532985, 948.582055, 945.862425, 944.582288, 942.844532, 940.478402, 939.152799, 936.342884, 935.088249, 933.892585, 931.784367, 929.324719, 927.348220, 926.168746, 924.187842, 922.479046, 920.596728, 918.187482, 916.717928, 914.300532, 912.926274, 911.990216, 910.382151, 908.129046, 908.043149, 905.594264, 904.449399, 900.711838, 898.210996, 897.521942, 896.631136, 895.367970, 893.169435, 890.914440, 890.042132, 888.318756, 886.642614, 884.602180, 882.788466, 882.761366, 880.676024, 879.229417, 877.404051, 875.603311, 873.714706, 871.154287, 869.723731, 868.545161, 866.157531, 865.733449, 863.585966, 862.907016, 861.540332, 860.127932, 858.393349, 857.617739, 855.052319, 852.883938, 852.491411, 849.836233, 849.203135, 847.524775, 846.249088, 845.541707, 843.305287, 842.418009, 840.388645, 839.589612, 838.336846, 836.232102, 835.406419, 834.434500, 833.380525, 832.365607, 831.214868, 828.833143, 827.728185, 827.632273, 825.976230, 824.583432, 824.008769, 822.103344, 821.845466, 820.684960, 819.522791, 818.373963, 817.112236, 815.843174, 814.402601, 813.825856, 812.262232, 810.638625, 810.391476, 808.799089, 807.564654, 806.382856, 805.571385, 804.356352, 803.844631, 802.214261, 801.643020, 800.360829, 799.059042, 798.427151, 797.039698, 795.780717, 795.103740, 793.337796, 792.764690, 791.878790, 790.390311, 789.613783, 789.146970, 787.628841, 786.616471, 785.900864, 784.504048, 784.146284, 782.381006, 781.413848, 781.192926, 780.171147, 779.030827, 775.831490, 775.830195, 775.118321, 774.430689, 773.512323, 772.888191, 771.429190, 770.482703, 770.402272, 769.473465, 768.688561, 767.727043, 766.733324, 766.202431, 764.836628, 764.135985, 763.060155, 762.056157, 761.229197, 760.288540, 759.812324, 758.311338, 757.217157, 756.457267, 755.720117, 755.106542, 754.616993, 753.886605, 753.059386, 752.243576, 751.150873, 750.592044, tempo_execucao: 21.909309
5710356.809929, 1647296.444758, 525098.531412, 158429.965242, 50527.618356, 22552.154203, 10143.344081, 5316.969934, 3029.466139, 2404.113477, 1851.790548, 1594.835653, 1440.284566, 1354.997139, 1326.116163, 1304.116605, 1281.208109, 1271.800547, 1270.121193, 1261.997332, 1256.099704, 1249.963908, 1243.517391, 1231.173982, 1230.993242, 1223.306261, 1219.619250, 1215.219336, 1209.510833, 1204.583533, 1199.996002, 1192.947836, 1190.517065, 1178.971357, 1178.454795, 1172.989267, 1170.922669, 1166.343634, 1160.512731, 1156.331431, 1153.361663, 1145.523690, 1143.435616, 1138.143371, 1134.961073, 1131.828833, 1127.153538, 1121.127139, 1119.619740, 1111.490032, 1111.490032, 1109.222062, 1104.728668, 1101.862853, 1096.840001, 1095.984113, 1091.545234, 1087.133311, 1083.941591, 1081.102519, 1078.100306, 1075.821618, 1073.920847, 1070.539669, 1065.323173, 1063.064174, 1061.263902, 1056.456242, 1053.444403, 1050.463771, 1049.455843, 1044.877601, 1042.187472, 1038.587605, 1038.100249, 1033.877382, 1032.327977, 1031.564552, 1026.922915, 1024.594157, 1020.546193, 1018.776092, 1014.393114, 1013.000496, 1009.966210, 1007.606766, 1006.017979, 1003.727383, 1000.444654, 998.546252, 996.274067, 994.329012, 992.701881, 990.487088, 986.630452, 984.589844, 982.894910, 981.420602, 978.321041, 977.953298, 973.930184, 971.794652, 970.744011, 969.836700, 967.488282, 965.307263, 964.008249, 961.152215, 957.754565, 955.325527, 955.135698, 953.199195, 949.998170, 947.596309, 946.782807, 944.333494, 942.819956, 940.974711, 939.042456, 937.716706, 935.608800, 934.050482, 931.915357, 930.425853, 928.244333, 927.016479, 924.386078, 923.105659, 921.041072, 920.225233, 917.971700, 915.478782, 914.490233, 912.969804, 911.124914, 909.785421, 908.918941, 905.858342, 904.783141, 903.686366, 901.747933, 899.631493, 898.070258, 897.025605, 895.464041, 892.831529, 891.373449, 890.711700, 889.466069, 887.961048, 885.571983, 883.720979, 881.792515, 879.816521, 878.523976, 877.699652, 875.931931, 874.903416, 872.874075, 872.081419, 870.278095, 869.492526, 867.606726, 865.659623, 864.039038, 862.541572, 861.441913, 860.213547, 858.726561, 857.455869, 856.114937, 854.234412, 853.636297, 852.634864, 851.793669, 850.869808, 848.696828, 847.439145, 845.233972, 844.333097, 843.775416, 841.958501, 841.419905, 840.088253, 839.092773, 837.224418, 836.665078, 835.723708, 833.921455, 832.589155, 831.372954, 830.830117, 828.655195, 827.973974, 827.164853, 825.652874, 824.880395, 822.519313, 822.462496, 820.921060, 820.245550, 818.058501, 817.555731, 816.162355, 815.613078, 814.571644, 813.046884, 812.051265, 810.726177, 808.388399, 808.084447, 807.655023, 806.126031, 805.240054, 804.672339, 803.473356, 801.760595, 801.532372, 800.353741, 799.020199, 798.464444, 797.218915, 796.755832, 795.440732, 794.660454, 793.902362, 792.924228, 792.021454, 790.823226, 789.681761, 789.129396, 786.803685, 786.561610, 786.010210, 784.342622, 783.654125, 783.425530, 782.035609, 780.712167, 780.358003, 779.105047, 778.122074, 777.395817, 776.526617, 775.596076, 774.623353, 773.827794, 772.607586, 772.279483, tempo_execucao: 18.501599
5699001.118842, 1754818.757522, 487775.371956, 160491.375631, 55652.686860, 21877.311799, 11073.544478, 5819.307793, 3438.220685, 2263.737790, 1839.637648, 1625.672830, 1442.022861, 1371.068230, 1334.444344, 1311.962350, 1296.705608, 1288.006925, 1279.471996, 1276.923893, 1267.167274, 1263.654627, 1259.635212, 1251.344591, 1249.810459, 1244.984148, 1241.008861, 1236.103537, 1231.912874, 1226.219182, 1222.342730, 1218.203384, 1213.128743, 1209.425272, 1202.936601, 1199.087861, 1194.263997, 1192.476254, 1187.404834, 1182.326364, 1180.193127, 1178.269160, 1174.005813, 1170.863708, 1165.265751, 1160.947190, 1158.132562, 1155.791754, 1152.323465, 1144.056580, 1143.962130, 1140.346930, 1137.380984, 1132.937369, 1129.662102, 1124.871366, 1121.518268, 1119.579835, 1118.038513, 1114.225217, 1112.582363, 1109.615377, 1106.978345, 1101.881559, 1101.395613, 1098.845537, 1095.434725, 1093.314753, 1088.784601, 1085.281456, 1082.475547, 1080.234601, 1077.795453, 1076.051242, 1072.197746, 1069.829997, 1067.818422, 1064.808154, 1061.918143, 1060.304823, 1058.048186, 1054.514713, 1052.167006, 1049.706349, 1047.495663, 1044.289164, 1042.597251, 1038.894557, 1037.708279, 1035.433764, 1033.150665, 1031.420972, 1027.211294, 1024.917004, 1022.639119, 1020.719809, 1018.320314, 1016.776579, 1014.386580, 1010.627292, 1009.705221, 1008.300133, 1005.461621, 1004.012709, 1000.504509, 998.684612, 997.128446, 994.161654, 991.640914, 989.045079, 989.045079, 986.821735, 982.658317, 982.222642, 979.164911, 977.789663, 976.143063, 973.282862, 971.779666, 970.157745, 968.790645, 966.485784, 964.579011, 961.641006, 959.594840, 958.132237, 957.205955, 956.358680, 953.744861, 952.626651, 949.998847, 949.314855, 946.559785, 945.456782, 943.077320, 941.884251, 940.632442, 938.168205, 936.940748, 935.495951, 932.753163, 931.406360, 930.294066, 927.640984, 927.338889, 925.477126, 923.536887, 921.688216, 919.877370, 918.831464, 915.917461, 915.789049, 914.469458, 912.565504, 910.991978, 909.448955, 908.614646, 906.573016, 904.878187, 903.235401, 901.675127, 899.894454, 899.027405, 897.222389, 896.236127, 894.056571, 893.256154, 891.960984, 890.694615, 888.778202, 887.687608, 885.563977, 884.735473, 883.032609, 881.185454, 880.946122, 879.336058, 877.682977, 877.201029, 874.921003, 873.415353, 872.610523, 868.641410, 868.472665, 866.999553, 866.575027, 865.051986, 863.284719, 862.918745, 860.978661, 859.169856, 858.373178, 857.571319, 856.087583, 853.798003, 852.682108, 852.055374, 850.152897, 848.577588, 847.380604, 846.412340, 845.010652, 844.286637, 842.836855, 842.060081, 840.575482, 838.648861, 837.601548, 836.660460, 835.424531, 834.365734, 833.812134, 832.376131, 830.721515, 829.751483, 827.815853, 827.815853, 826.636606, 825.291047, 824.829667, 822.661768, 821.800371, 821.194834, 820.387571, 818.592518, 817.486737, 816.639528, 815.880649, 814.911181, 812.879161, 811.839690, 811.805894, 810.166235, 809.552054, 807.962220, 807.544493, 806.181388, 805.182975, 804.201282, 803.586999, 802.285591, 801.553182, 800.108911, 799.115150, 798.142079, 797.458256, 796.404376, 795.420255, 795.088220, tempo_execucao: 18.781647
5634449.329781, 1680031.979313, 476037.944663, 158911.997983, 58895.011316, 23999.725030, 9466.968826, 4813.193034, 3400.335083, 2390.912864, 1852.615201, 1644.385065, 1500.010654, 1431.645494, 1374.318757, 1351.234311, 1345.159143, 1334.910741, 1323.084233, 1314.804142, 1313.831664, 1306.381732, 1296.584545, 1292.799950, 1286.692320, 1280.041550, 1274.509925, 1272.677788, 1264.596482, 1260.794841, 1253.035825, 1251.993219, 1246.270804, 1239.619102, 1235.649720, 1231.676783, 1225.110394, 1224.043638, 1220.231543, 1214.654099, 1211.760070, 1206.462504, 1202.271842, 1199.406550, 1195.830976, 1190.774867, 1187.541523, 1181.764940, 1181.027091, 1174.515852, 1170.620694, 1168.044915, 1166.964816, 1160.848463, 1156.403424, 1156.403424, 1151.566577, 1149.571163, 1148.113253, 1144.555487, 1141.455209, 1137.020748, 1134.955884, 1130.814499, 1128.956937, 1122.504107, 1120.927636, 1114.282004, 1112.854487, 1111.102232, 1109.377183, 1105.858660, 1102.448674, 1100.746236, 1097.911448, 1095.468361, 1092.252643, 1089.991365, 1085.759877, 1083.961127, 1080.831425, 1077.953133, 1076.412851, 1069.639242, 1068.064241, 1066.010611, 1063.883407, 1060.419034, 1057.899363, 1053.477564, 1053.477564, 1050.688649, 1048.190293, 1046.740150, 1044.429161, 1041.266168, 1039.471621, 1037.027481, 1036.183413, 1032.143583, 1029.308555, 1027.390068, 1024.352332, 1023.447413, 1021.839950, 1019.310888, 1017.224988, 1015.630223, 1014.071482, 1011.581897, 1009.412800, 1006.560279, 1004.681932, 1002.250630, 1000.202603, 998.586171, 996.645612, 994.766894, 992.062361, 990.613189, 989.263112, 986.305023, 985.333903, 983.447567, 982.435642, 979.818877, 978.107668, 976.522563, 972.799844, 972.618056, 970.696496, 968.322231, 965.855801, 965.855801, 964.653878, 962.747773, 960.211653, 959.469969, 957.902952, 956.414497, 954.583146, 952.351560, 950.970142, 949.723287, 947.419272, 946.627555, 944.877426, 942.716590, 940.249429, 938.855671, 938.266137, 935.805070, 935.556485, 932.959638, 930.395441, 930.294004, 928.235162, 926.462230, 925.259911, 922.891591, 922.065940, 920.197739, 918.700274, 917.262941, 915.911668, 914.477731, 912.943336, 911.587270, 910.446167, 909.452812, 907.755071, 905.522306, 904.646492, 902.941308, 900.604188, 900.260648, 898.483401, 897.418879, 894.851121, 892.942425, 892.193707, 891.171882, 890.530768, 888.378735, 887.940502, 886.885290, 884.790814, 883.638476, 882.959004, 880.401353, 880.372746, 878.442333, 878.075435, 876.171644, 875.367417, 873.934686, 872.215492, 870.948270, 867.968659, 867.968659, 866.375582, 865.409806, 863.732671, 862.729122, 861.059803, 859.661576, 857.768200, 856.788367, 855.109203, 853.012220, 852.103182, 851.028357, 849.229060, 847.882027, 846.547423, 845.405091, 844.345766, 843.605396, 842.371881, 841.005239, 840.143055, 838.935993, 837.933649, 837.187587, 835.353520, 834.748687, 833.927259, 832.750943, 831.804747, 830.041828, 829.352422, 828.288370, 827.150767, 826.255903, 825.187724, 823.992797, 823.110921, 822.047790, 819.758260, 819.569356, 818.467599, 818.037785, 817.084337, 815.677219, 814.984692, 814.057453, 812.351075, 810.565283, 809.818650, tempo_execucao: 18.660270
5676829.336128, 1843124.086865, 529834.405894, 157889.509085, 53199.378842, 22925.381583, 11422.135305, 5855.507379, 3413.226326, 2290.428263, 1815.447913, 1514.751950, 1384.887499, 1306.541176, 1274.807273, 1249.111189, 1240.989103, 1231.927025, 1227.416310, 1223.389136, 1217.779211, 1210.747988, 1207.397491, 1200.040916, 1198.980183, 1194.082756, 1187.866302, 1185.301106, 1178.109922, 1175.256922, 1173.304512, 1169.080915, 1165.492375, 1162.217316, 1157.045989, 1153.057611, 1148.336727, 1146.021115, 1142.181527, 1137.379794, 1135.883319, 1133.210970, 1126.109228, 1123.497630, 1115.241828, 1114.805826, 1108.604990, 1106.809298, 1105.823023, 1102.368691, 1099.413885, 1097.859809, 1091.263061, 1090.630891, 1088.130830, 1083.403335, 1080.152431, 1077.910332, 1074.255018, 1071.840233, 1069.421921, 1064.299937, 1059.717362, 1058.766847, 1057.363763, 1053.787627, 1051.612531, 1046.635279, 1044.919962, 1042.497608, 1038.822245, 1038.410643, 1035.823513, 1033.662367, 1030.587395, 1027.383782, 1026.790740, 1024.875582, 1021.966526, 1020.057459, 1016.513272, 1014.281324, 1011.792213, 1008.406580, 1007.929111, 1005.318021, 1004.153899, 1001.618519, 999.675064, 997.285321, 995.265039, 992.420472, 991.651392, 988.975397, 986.352519, 984.386821, 982.025799, 980.258806, 979.073898, 976.387901, 975.101012, 973.083769, 969.429069, 966.830778, 965.011128, 964.402367, 961.867687, 961.017122, 958.897906, 956.273110, 954.979614, 953.632013, 952.481696, 950.507419, 947.470524, 946.971871, 943.954360, 942.664986, 939.918684, 938.707523, 936.643068, 935.963997, 933.761536, 932.228787, 928.031873, 927.672213, 926.442326, 923.190405, 923.174562, 921.557250, 920.176475, 918.472307, 916.392955, 914.705025, 913.340820, 912.094541, 908.977075, 907.350548, 905.606881, 905.321603, 902.437547, 900.031557, 900.014120, 895.475743, 894.367633, 893.754129, 893.302283, 892.075506, 891.106873, 889.701901, 888.324991, 886.967273, 885.750604, 883.939811, 882.825140, 881.553539, 880.034990, 878.558745, 876.795689, 875.803625, 874.711466, 873.306276, 872.162556, 870.967800, 869.812504, 868.701520, 867.630239, 865.836826, 864.248297, 861.870898, 861.206823, 859.272199, 858.608495, 856.685244, 856.266282, 853.743384, 853.132740, 851.355990, 850.455661, 848.576867, 847.964039, 846.780562, 846.162549, 844.849786, 843.685003, 842.020607, 840.985896, 839.489229, 838.611881, 838.074987, 835.939068, 834.094876, 833.957200, 832.709274, 831.524384, 830.429226, 829.379506, 828.012699, 826.652798, 825.231826, 823.940341, 823.309638, 821.299596, 820.209829, 819.627870, 818.823263, 817.882978, 816.798764, 815.506500, 813.893526, 811.973199, 811.004649, 809.463487, 808.887585, 807.028897, 805.996505, 805.740809, 804.609827, 803.251286, 802.457662, 801.301506, 800.614202, 798.779710, 798.128329, 797.349415, 796.131427, 794.969425, 794.266849, 792.620442, 791.800553, 791.291223, 789.478830, 788.850236, 787.504421, 786.020656, 785.441599, 784.732072, 784.409729, 781.676773, 781.676773, 780.963332, 779.908759, 779.531052, 778.393443, 777.621863, 776.707597, 775.567699, 774.861396, 773.905222, tempo_execucao: 18.659096
5743612.075141, 1720691.177434, 539197.548109, 170178.542890, 55037.042895, 21704.749058, 10727.357955, 5283.048174, 3286.774230, 2135.141675, 1700.586856, 1436.200522, 1320.323901, 1259.332451, 1214.371335, 1191.756933, 1184.094604, 1177.089546, 1165.389380, 1164.436085, 1156.050660, 1154.371025, 1145.762615, 1142.113078, 1139.498675, 1134.538971, 1131.869324, 1128.399168, 1123.611917, 1120.024136, 1115.396087, 1111.840723, 1108.379842, 1103.822891, 1100.111904, 1096.407532, 1093.037427, 1084.440099, 1083.938352, 1079.051123, 1077.252536, 1072.928369, 1071.845725, 1069.547957, 1065.816299, 1064.709668, 1059.835728, 1055.617856, 1053.512383, 1048.664864, 1047.813168, 1045.208174, 1042.335712, 1040.139948, 1036.620706, 1035.411412, 1031.650859, 1028.937653, 1027.582496, 1024.110661, 1021.954687, 1017.796856, 1016.258026, 1013.139528, 1011.919891, 1009.379660, 1007.426301, 1003.465514, 999.974839, 999.657861, 996.373970, 993.011401, 989.966344, 986.844435, 984.368957, 981.116238, 978.286404, 977.046573, 973.032470, 972.146332, 970.499647, 968.455874, 966.262495, 965.127969, 961.818584, 960.646571, 957.934085, 956.162587, 954.293506, 953.130647, 951.236598, 949.689668, 947.963868, 945.977058, 944.066902, 940.685720, 940.023548, 938.217781, 934.792450, 933.452914, 932.490864, 930.783627, 928.174579, 927.110628, 924.018048, 923.362538, 921.547824, 918.775671, 917.063956, 916.376250, 914.266192, 913.381489, 912.094856, 909.641212, 908.084016, 905.979692, 902.101548, 900.935757, 898.380488, 896.679413, 895.961698, 895.033091, 894.038457, 892.347957, 890.657559, 889.666370, 887.926409, 886.064166, 883.247748, 882.304846, 881.322961, 879.479054, 877.464284, 875.169682, 874.748060, 873.724309, 871.028570, 870.025530, 868.633551, 867.460111, 866.663137, 864.368130, 862.178559, 860.991128, 860.043024, 859.006652, 857.129226, 855.800704, 854.489361, 853.867127, 852.229205, 851.146306, 849.926469, 848.906642, 846.971416, 846.134600, 844.459234, 842.119228, 840.996542, 839.634019, 838.505230, 837.774848, 836.557766, 835.470965, 833.600157, 832.661356, 832.011324, 829.745605, 828.922904, 828.133658, 827.093660, 825.915970, 824.442422, 823.050218, 821.464243, 820.786635, 819.145363, 817.941347, 816.791716, 816.107052, 814.314350, 813.467888, 812.600774, 811.779452, 810.666953, 809.568208, 808.291803, 806.745010, 805.772564, 805.066670, 803.542870, 802.911880, 801.722646, 800.969741, 799.864190, 798.556978, 797.373282, 796.336108, 795.268071, 793.752368, 792.722966, 792.151863, 790.413692, 789.501573, 789.390266, 788.044862, 787.146281, 785.693166, 785.355948, 784.569772, 782.972603, 782.690000, 782.067605, 780.762216, 779.111595, 778.532319, 777.469011, 777.047883, 775.779300, 774.950782, 773.329152, 772.558183, 771.493936, 770.902019, 770.274283, 769.315038, 768.691414, 767.433158, 766.568913, 765.776772, 764.832740, 763.520268, 763.018822, 761.762416, 761.254585, 760.489423, 759.796811, 759.101839, 758.160772, 757.013725, 756.320313, 755.332329, 754.503408, 753.728198, 752.700635, 751.829475, 751.079142, 750.151888, 749.677994, tempo_execucao: 17.827550
5693689.216331, 1750877.310902, 486604.305523, 164645.114566, 61785.984467, 23773.062247, 9307.464004, 5885.650176, 3196.006882, 2442.549324, 1880.344092, 1656.897710, 1508.028816, 1457.365624, 1423.276189, 1401.939093, 1381.773759, 1368.793281, 1365.272477, 1362.125088, 1355.668533, 1349.544461, 1338.328051, 1330.364854, 1326.151384, 1321.694689, 1312.477052, 1310.048822, 1300.298504, 1297.229962, 1292.538730, 1286.127948, 1281.410882, 1273.776005, 1272.742438, 1265.881987, 1261.976579, 1259.167355, 1255.660143, 1249.081445, 1248.311174, 1238.193007, 1236.241797, 1230.790273, 1221.026105, 1220.712318, 1216.365166, 1214.314732, 1211.218161, 1206.343474, 1198.279272, 1195.627332, 1190.978600, 1187.025359, 1183.683684, 1179.720027, 1176.316390, 1170.270191, 1168.998173, 1167.283468, 1161.895802, 1156.898946, 1153.587164, 1153.441706, 1146.822861, 1146.822861, 1143.897552, 1139.927647, 1138.746913, 1136.087316, 1133.079797, 1130.197312, 1124.973195, 1122.832947, 1113.994128, 1113.994128, 1112.369569, 1109.823691, 1106.111092, 1105.067281, 1099.421945, 1097.263906, 1094.421542, 1092.149583, 1091.092648, 1087.804687, 1084.548980, 1082.048964, 1080.963560, 1077.920987, 1074.416255, 1071.941864, 1069.855530, 1068.034528, 1065.079463, 1062.591153, 1060.345282, 1057.775170, 1056.627369, 1053.945173, 1049.189156, 1048.027673, 1046.612155, 1044.580142, 1041.934054, 1038.750468, 1036.807124, 1035.441545, 1033.302599, 1030.755638, 1029.448852, 1027.055754, 1024.018193, 1022.378238, 1020.828547, 1016.834700, 1014.931619, 1014.034539, 1011.452775, 1009.383224, 1007.292967, 1005.991391, 1003.345210, 1001.828661, 999.477998, 998.077191, 995.827393, 993.381635, 991.147905, 988.674970, 987.761180, 985.758999, 983.399918, 982.636620, 980.349661, 979.018858, 975.385623, 973.315847, 971.399041, 969.913811, 969.536352, 967.545344, 965.870211, 963.558774, 960.985798, 959.090834, 957.822052, 956.393114, 953.853127, 953.068311, 951.255293, 948.371767, 946.954669, 945.856337, 945.402289, 943.740682, 942.034498, 939.559589, 938.630457, 936.148634, 935.270203, 934.250569, 932.365188, 930.618306, 929.291175, 926.841188, 926.118140, 925.441756, 923.126883, 921.707600, 919.485229, 918.201895, 916.294424, 914.228071, 913.386707, 912.160941, 909.975307, 908.866570, 906.857552, 905.813984, 903.815607, 903.519982, 902.083992, 899.587091, 898.827147, 896.653931, 894.350894, 894.350894, 893.363034, 891.608798, 890.306867, 888.545032, 888.110332, 885.867770, 884.826366, 884.315309, 882.410815, 880.863211, 879.899498, 878.595027, 876.862084, 875.427669, 875.120900, 874.286978, 872.634934, 871.342442, 870.189898, 868.682743, 867.510332, 865.854615, 864.669755, 863.367850, 862.383338, 860.922936, 859.329350, 857.357001, 857.357001, 855.286035, 854.160631, 853.514004, 851.779378, 850.849876, 849.363662, 848.816949, 847.373305, 846.152546, 845.067552, 843.409569, 842.953895, 841.225473, 840.210450, 839.142739, 838.216685, 837.388813, 836.220103, 835.074370, 834.095335, 833.039620, 832.095763, 830.742079, 829.228100, 829.017986, 827.572496, 826.759436, 825.775786, 824.684668, 824.039288, 822.993918, 821.557432, tempo_execucao: 19.077029
5584187.716174, 1727827.238439, 498641.224495, 170574.604513, 50331.754665, 18548.371740, 10962.514379, 5387.189493, 3428.666952, 2335.124928, 1835.723086, 1560.843011, 1447.415471, 1374.754900, 1345.089011, 1322.306341, 1307.449501, 1297.154843, 1288.910486, 1281.087494, 1278.922498, 1271.740115, 1265.056931, 1256.489502, 1254.462089, 1236.283266, 1236.280600, 1231.251820, 1225.642768, 1221.495411, 1213.618622, 1209.101809, 1203.516008, 1198.425616, 1194.119325, 1190.363082, 1185.983221, 1180.787733, 1176.207951, 1173.566608, 1168.980837, 1167.480305, 1162.585014, 1159.770100, 1153.380650, 1151.117759, 1146.407284, 1142.336895, 1136.066959, 1134.477790, 1131.024367, 1126.817126, 1123.203894, 1121.993063, 1117.925167, 1114.979452, 1112.067960, 1105.131295, 1103.542396, 1100.206894, 1098.139950, 1094.551717, 1092.212154, 1090.045674, 1085.622455, 1082.632950, 1078.565382, 1076.789104, 1073.088167, 1072.303895, 1067.622780, 1065.007616, 1062.959273, 1059.883852, 1056.239531, 1055.279173, 1053.569161, 1050.023072, 1049.339335, 1046.474749, 1043.387339, 1039.486685, 1038.421836, 1034.335944, 1032.934447, 1031.108506, 1027.902147, 1025.242211, 1022.331511, 1020.474143, 1018.328774, 1015.893567, 1013.622533, 1009.628209, 1009.117392, 1008.040025, 1004.714376, 1002.958270, 1001.898748, 999.194235, 996.383419, 994.626325, 992.139087, 990.423451, 987.736170, 986.012095, 985.010422, 981.768056, 980.339083, 977.943265, 975.046055, 974.588987, 972.889851, 969.626119, 969.348961, 967.045680, 965.367543, 963.723819, 959.902121, 957.972080, 956.259479, 954.416166, 952.129009, 949.289646, 947.140511, 946.045011, 943.274808, 942.833170, 941.718682, 938.526220, 936.614992, 935.084549, 934.011329, 932.547476, 931.166009, 929.629723, 928.246439, 926.975448, 923.858659, 922.892488, 920.898333, 920.530635, 917.887266, 915.492802, 914.752698, 913.405379, 911.736116, 910.348206, 908.410276, 907.030222, 906.035706, 903.436471, 902.530119, 900.401079, 899.444789, 898.156038, 896.920522, 896.076686, 894.101130, 892.949135, 890.362264, 890.156032, 887.738738, 886.470542, 885.798857, 883.550722, 882.350265, 881.706412, 878.774049, 878.351158, 877.728684, 875.248830, 874.288850, 871.122387, 871.031015, 869.722408, 868.239420, 867.595117, 866.114609, 865.320170, 863.995233, 862.944193, 861.660286, 860.502584, 858.976156, 857.921223, 857.228837, 855.798573, 854.852009, 852.785492, 852.363826, 851.543792, 849.916760, 848.636309, 847.727431, 846.774498, 844.928740, 843.958083, 841.849304, 841.479466, 840.130860, 837.631574, 837.631574, 835.989534, 834.481609, 833.278455, 832.897470, 831.620584, 830.806845, 829.717852, 828.097022, 827.667398, 826.593422, 825.710927, 824.751227, 822.449508, 822.069690, 820.769469, 820.014931, 818.645078, 817.643618, 816.813456, 815.224783, 814.563601, 813.923842, 812.755418, 812.172519, 810.958183, 808.514841, 808.349358, 807.705127, 806.463529, 805.968663, 804.861719, 803.966036, 802.614812, 801.526898, 800.516070, 799.889955, 799.308776, 797.855229, 796.919899, 796.642990, 794.993347, 793.785294, 792.795545, 792.088818, 791.109358, 790.311060, tempo_execucao: 18.174632
5831822.185055, 1695691.154932, 495579.908151, 174144.358653, 54762.270257, 22921.987713, 9073.185414, 5316.726098, 3380.801268, 2278.055002, 1741.275950, 1523.800989, 1416.847223, 1330.418900, 1304.075207, 1277.247109, 1262.939710, 1257.024731, 1248.532539, 1243.840298, 1236.023266, 1232.469857, 1227.213308, 1220.985696, 1217.401682, 1213.379376, 1206.135812, 1204.216510, 1199.316551, 1197.262605, 1188.109108, 1187.883287, 1181.745514, 1181.240390, 1174.465329, 1171.507513, 1166.156078, 1163.668043, 1156.877364, 1156.063865, 1149.211337, 1143.900490, 1139.999335, 1135.659213, 1133.934298, 1129.967679, 1126.482909, 1123.278848, 1121.831003, 1118.481125, 1116.265632, 1112.806439, 1109.195064, 1106.315846, 1099.574718, 1098.134812, 1094.459832, 1092.469432, 1087.308773, 1083.633602, 1082.560421, 1077.833313, 1075.064246, 1071.215694, 1069.872021, 1066.420514, 1063.293302, 1060.783701, 1058.856256, 1052.653504, 1052.042285, 1047.499451, 1046.424530, 1042.684624, 1035.614819, 1035.382397, 1034.285906, 1033.155845, 1028.279229, 1026.512632, 1024.576846, 1020.473624, 1019.812287, 1017.470222, 1015.652985, 1012.160901, 1009.215157, 1006.090580, 1005.630751, 1002.328012, 1000.233012, 995.992554, 995.885487, 993.883945, 991.731502, 990.550070, 987.833847, 986.348575, 982.622008, 981.707853, 979.739658, 976.271126, 974.812784, 973.216082, 972.177805, 969.978068, 967.876525, 964.636020, 961.280364, 960.842795, 958.718659, 956.490691, 953.724368, 952.340095, 950.609522, 949.064220, 947.517631, 944.984359, 942.005658, 941.307785, 939.173583, 937.061365, 935.067845, 933.573127, 932.063625, 930.099377, 929.154575, 927.623460, 925.420271, 924.844042, 921.906727, 921.006989, 918.556403, 917.388656, 915.929630, 913.722538, 912.487915, 909.671068, 907.238577, 906.336067, 904.198249, 903.474126, 901.989616, 900.141469, 899.365056, 896.876679, 896.288562, 895.025312, 892.111863, 891.627646, 889.890392, 888.888438, 886.025624, 885.644802, 884.254488, 883.247240, 881.261677, 879.969901, 879.738063, 876.704316, 875.821259, 874.933032, 873.757143, 872.692522, 870.865376, 869.681953, 868.251756, 866.203082, 865.293427, 864.547873, 863.163288, 860.927198, 860.927198, 858.935403, 857.838535, 856.575801, 854.881989, 853.345920, 852.879000, 851.444149, 850.207926, 848.596335, 847.644378, 846.327782, 844.156660, 843.904730, 842.199009, 841.047043, 839.537351, 839.013517, 837.697929, 835.726291, 834.183234, 832.755517, 831.480145, 830.403764, 829.120379, 827.975786, 826.742143, 826.016262, 824.602705, 823.561856, 822.067952, 821.359167, 819.892073, 819.070842, 818.013025, 816.941042, 815.756996, 815.437844, 814.391132, 813.128700, 811.846209, 811.276086, 810.168630, 809.265095, 808.162203, 806.900371, 805.643644, 805.121351, 804.239414, 802.983808, 801.848944, 800.812783, 800.141395, 798.773001, 798.093841, 796.955037, 795.898889, 794.717535, 793.668705, 792.907143, 791.306305, 790.952364, 790.004972, 789.276166, 788.354375, 787.188492, 786.539618, 785.725562, 784.784495, 783.438046, 782.610193, 781.853120, 780.951919, 779.896683, 779.384179, 777.618253, 776.908828, tempo_execucao: 17.640324
5708407.948566, 1812877.791005, 513531.267060, 172898.593529, 61552.563543, 23734.363767, 10843.634853, 5740.711341, 3468.923996, 2384.542364, 1881.405408, 1656.445315, 1494.909139, 1433.497171, 1386.856705, 1358.781675, 1351.754841, 1340.701872, 1331.281390, 1321.236321, 1321.106922, 1316.528646, 1309.015987, 1294.073887, 1292.610890, 1288.621871, 1278.318151, 1276.288619, 1272.430691, 1266.434644, 1259.681299, 1251.380574, 1251.294448, 1244.731641, 1239.723349, 1237.040053, 1230.760678, 1224.659880, 1222.374252, 1216.858028, 1209.575252, 1206.812395, 1202.362438, 1196.251405, 1189.752705, 1189.752705, 1183.927708, 1180.420420, 1174.535710, 1173.912194, 1167.821833, 1164.364649, 1162.332956, 1155.063190, 1152.280934, 1150.798086, 1145.747967, 1141.582585, 1140.506296, 1136.902378, 1132.324460, 1130.658466, 1126.213671, 1125.424689, 1120.962017, 1116.474198, 1114.266751, 1112.385925, 1109.077627, 1105.606254, 1104.840718, 1099.192951, 1098.221789, 1095.451683, 1094.276382, 1090.155081, 1083.919422, 1080.858070, 1079.289833, 1075.489846, 1073.370937, 1070.597227, 1065.775169, 1064.532293, 1061.426935, 1059.082103, 1055.364666, 1054.347602, 1051.786060, 1049.913424, 1045.896496, 1044.617310, 1042.535125, 1039.743351, 1037.985623, 1035.838635, 1034.066654, 1030.052617, 1027.373004, 1026.137323, 1024.595973, 1021.639287, 1017.772936, 1016.627179, 1014.895021, 1012.222920, 1009.797236, 1008.224452, 1005.299275, 1004.284229, 1001.447640, 999.742785, 998.607630, 996.273929, 994.330101, 992.278531, 989.723242, 986.294296, 985.389177, 983.873254, 981.959690, 978.518058, 976.343345, 973.108284, 971.714970, 970.681978, 969.381297, 967.326403, 964.584230, 962.840441, 961.124242, 959.410285, 957.527353, 955.846248, 954.059691, 952.179953, 950.373434, 948.802924, 946.270143, 944.340539, 943.544994, 941.818438, 940.216692, 938.499623, 936.668511, 935.752159, 933.789490, 932.723034, 931.227363, 929.094183, 925.662452, 925.648042, 923.724733, 921.543369, 921.443908, 920.367050, 918.096844, 917.003287, 915.242729, 913.109472, 912.513906, 910.713234, 908.696331, 906.878423, 905.687376, 903.886740, 901.903161, 900.275920, 899.445115, 897.893582, 895.929100, 894.622264, 893.749313, 891.720068, 890.967884, 889.000780, 887.831713, 887.327844, 884.847689, 883.873323, 883.033152, 881.129383, 879.857821, 878.167055, 876.927679, 875.630408, 873.566308, 873.277830, 871.726969, 869.883771, 868.884493, 867.437498, 866.009544, 865.222001, 863.800516, 862.786496, 861.622110, 859.693985, 858.452558, 855.713362, 854.716548, 853.781524, 852.009156, 851.443987, 848.659509, 848.501123, 847.022379, 846.030705, 845.509550, 843.887811, 843.053844, 841.243763, 840.625196, 839.267033, 837.857936, 836.882000, 835.897425, 834.394790, 833.316818, 832.504358, 830.819607, 829.483653, 828.283220, 827.222567, 825.594065, 824.311208, 823.875656, 822.738484, 821.112638, 820.252945, 818.589625, 817.732085, 816.752896, 815.998063, 814.587829, 813.253108, 812.376581, 810.836143, 809.644831, 808.872447, 808.064753, 806.184967, 805.331000, 804.656715, 803.132271, 801.828825, 801.171480, 800.107916, 799.305483, tempo_execucao: 18.809274
5592076.383183, 1785496.915492, 521819.854569, 148175.117675, 57509.762633, 23877.077010, 10924.593076, 5606.637981, 3081.266566, 2402.043572, 1892.102631, 1686.018057, 1546.998601, 1462.419340, 1431.727406, 1404.839281, 1395.754753, 1385.126632, 1373.089154, 1364.903980, 1354.698070, 1344.850092, 1342.366425, 1334.895710, 1334.895710, 1327.661949, 1322.960710, 1318.906473, 1309.641548, 1305.424198, 1300.281886, 1296.590178, 1293.335436, 1283.842867, 1280.429164, 1277.467011, 1274.187499, 1268.824014, 1260.425787, 1258.748140, 1255.225846, 1250.220352, 1243.839086, 1241.172016, 1236.413179, 1231.534865, 1228.036419, 1223.543542, 1218.149570, 1216.616383, 1214.550669, 1209.767639, 1204.831663, 1202.871325, 1197.723018, 1190.851550, 1187.103529, 1187.103529, 1181.535512, 1180.083511, 1176.398845, 1174.187422, 1168.863549, 1165.425123, 1162.643206, 1160.377615, 1157.602920, 1155.345457, 1150.975839, 1145.163457, 1143.791825, 1143.125736, 1138.819830, 1134.948484, 1132.294704, 1130.935158, 1127.532341, 1124.569138, 1120.666944, 1120.168242, 1117.071262, 1114.401676, 1110.272452, 1108.091400, 1104.311787, 1103.035366, 1099.267314, 1097.946299, 1093.207149, 1091.488275, 1089.083533, 1085.515380, 1084.268435, 1081.708030, 1078.895398, 1076.075951, 1072.056611, 1070.152949, 1066.319678, 1065.630675, 1062.307144, 1058.495368, 1058.050095, 1054.931142, 1053.106690, 1051.121095, 1048.740676, 1047.759195, 1044.928987, 1042.580766, 1040.219008, 1037.338601, 1036.316570, 1034.336173, 1032.314071, 1029.748745, 1028.541763, 1026.169637, 1024.115326, 1021.519105, 1020.089702, 1018.431376, 1014.392541, 1014.306152, 1011.723108, 1010.667963, 1008.351311, 1005.951071, 1004.177057, 1001.360384, 1000.194587, 996.071074, 995.693168, 993.659768, 991.533456, 990.070690, 987.447790, 986.299071, 984.180385, 982.555254, 981.084098, 977.853823, 977.290856, 974.635733, 972.897856, 971.361698, 969.913834, 966.766624, 966.610606, 964.993842, 962.964954, 961.838743, 960.144355, 958.696390, 956.779923, 953.349952, 953.318163, 950.408500, 949.633187, 945.937974, 945.578263, 943.863968, 943.020017, 941.783948, 939.847687, 938.258196, 935.781939, 934.461225, 932.138252, 931.700317, 929.779668, 927.279402, 926.917764, 925.562338, 924.277382, 922.791310, 921.492134, 920.024049, 918.464838, 916.968186, 916.106543, 914.674414, 913.255277, 911.796479, 911.000813, 909.135218, 907.276303, 906.134317, 905.328293, 903.680149, 902.845122, 900.891835, 899.620961, 898.443864, 897.339885, 896.236897, 894.217786, 893.346664, 890.666488, 890.416637, 888.369983, 887.094494, 885.803492, 884.297968, 883.043255, 881.158671, 880.653516, 879.283406, 878.344358, 876.830686, 875.826785, 873.832402, 873.590743, 871.946583, 870.480578, 869.573571, 868.566388, 867.568875, 866.038866, 864.063403, 862.735525, 861.552217, 861.299954, 859.809514, 857.923941, 857.802410, 856.109720, 854.181911, 853.226980, 852.564716, 851.460157, 850.514214, 849.717755, 848.286173, 846.991730, 846.141709, 845.060706, 844.066203, 842.929608, 841.457858, 839.973569, 839.554967, 837.197627, 837.197627, 835.743701, 834.943166, 832.837223, 832.837223, 831.867692, tempo_execucao: 18.129002
5853419.424249, 1763960.050648, 516275.442645, 159573.586395, 58847.922285, 24456.454006, 10433.883147, 5397.497630, 3288.458807, 2293.798775, 1759.189667, 1455.092633, 1338.363845, 1273.600192, 1234.697212, 1212.829827, 1199.880766, 1187.800462, 1187.800462, 1181.138794, 1176.882364, 1165.247633, 1165.247633, 1159.375989, 1155.461762, 1151.099620, 1144.902404, 1133.557915, 1131.738417, 1124.102271, 1124.102271, 1120.620392, 1119.187968, 1116.127122, 1111.397480, 1105.308935, 1101.747649, 1098.210647, 1095.071412, 1087.740988, 1087.515142, 1086.177377, 1082.699092, 1079.378621, 1075.371170, 1074.474815, 1071.672459, 1069.356342, 1064.969355, 1062.458872, 1060.572432, 1057.782826, 1051.688046, 1050.929747, 1047.746426, 1045.992110, 1043.247114, 1039.974711, 1038.064031, 1034.642512, 1032.681539, 1029.897282, 1026.486302, 1024.284264, 1022.817975, 1019.999843, 1018.411776, 1016.206151, 1012.991070, 1011.359115, 1007.096411, 1006.938334, 1003.825360, 1000.876571, 998.169961, 995.843075, 994.920161, 991.799452, 990.030579, 987.875313, 984.759290, 982.488228, 981.118426, 974.843815, 973.770596, 973.370781, 971.043844, 969.552098, 967.599436, 965.291256, 964.228792, 960.805013, 959.966495, 957.118263, 956.669325, 952.805276, 952.110938, 948.710109, 948.255353, 946.720848, 943.538547, 942.721748, 940.620475, 938.579493, 936.943419, 934.798975, 933.960317, 931.460645, 929.366197, 928.620206, 927.125548, 925.421491, 924.231240, 921.178721, 919.970995, 918.928267, 917.608720, 915.688048, 913.781886, 913.131283, 910.974246, 909.177722, 908.598421, 906.757484, 904.655888, 903.611320, 901.064789, 899.790238, 896.080738, 894.704363, 894.435758, 891.501935, 891.174516, 890.067551, 888.293939, 887.174795, 885.291690, 884.345579, 882.606065, 880.712763, 880.461887, 877.337061, 876.685116, 875.441680, 873.517261, 872.135066, 870.245002, 868.382020, 866.936082, 866.446179, 864.342907, 864.035416, 862.685280, 860.520209, 859.731197, 857.299927, 856.690962, 855.421522, 854.063567, 853.244862, 851.691603, 850.503384, 849.210413, 847.623605, 846.493538, 845.387385, 844.396270, 843.167316, 841.319112, 840.322195, 838.706077, 838.265442, 836.556308, 835.042077, 834.350172, 833.021935, 831.159237, 830.065560, 829.104367, 828.325279, 827.275770, 826.067035, 824.035921, 823.372770, 823.065508, 822.366342, 821.114147, 820.003164, 818.797043, 817.082630, 816.530406, 815.006701, 814.739845, 813.614072, 812.031347, 811.638814, 810.241224, 809.024955, 807.404161, 806.297293, 805.524714, 804.677134, 803.314434, 801.766245, 800.748195, 800.295977, 799.475731, 798.424668, 796.999525, 796.302426, 795.129902, 794.013275, 792.465910, 792.173112, 791.000562, 790.389195, 789.164746, 788.015580, 787.251779, 786.095643, 785.366103, 783.167198, 783.167198, 781.498131, 781.238075, 780.223214, 779.419094, 778.423559, 777.718413, 776.878832, 776.246746, 774.705627, 773.999494, 773.308661, 772.270191, 771.671783, 769.476710, 769.235856, 768.416650, 767.690077, 766.538616, 766.105497, 764.708657, 764.242562, 763.564904, 762.227043, 761.707530, 760.517095, 760.216855, tempo_execucao: 18.881628
5818025.624447, 1742107.978685, 477989.940441, 158665.413269, 58311.546749, 23170.615024, 9993.067605, 5437.013666, 3234.107831, 2230.530278, 1823.516648, 1562.778248, 1445.162749, 1385.283173, 1343.149013, 1318.285629, 1299.803801, 1296.606894, 1275.546851, 1265.531849, 1260.061981, 1256.070412, 1249.761566, 1232.780046, 1227.923755, 1221.322672, 1218.207340, 1215.523603, 1211.427124, 1208.151569, 1201.300194, 1199.528266, 1192.125331, 1192.125331, 1187.287671, 1185.547872, 1182.107390, 1176.403284, 1172.955514, 1170.275518, 1161.864418, 1161.621189, 1158.280513, 1154.089328, 1151.810814, 1146.497775, 1140.384538, 1134.961015, 1134.735236, 1130.755009, 1128.362593, 1126.428267, 1124.275612, 1119.208618, 1116.646216, 1113.828462, 1112.258603, 1109.465587, 1106.564042, 1103.608580, 1102.141493, 1097.804026, 1094.496778, 1091.777522, 1089.574248, 1087.225096, 1083.339089, 1079.749245, 1079.390312, 1075.552885, 1072.752171, 1070.372414, 1068.094285, 1065.738150, 1062.970831, 1059.617897, 1055.672952, 1054.432348, 1053.191390, 1050.630297, 1047.745156, 1045.380879, 1042.669468, 1042.082768, 1038.515952, 1035.155206, 1034.230536, 1033.215181, 1029.928381, 1027.312034, 1024.708016, 1021.712322, 1020.014928, 1017.409065, 1015.522780, 1012.282065, 1010.915967, 1010.254125, 1006.366430, 1003.675096, 1000.266795, 999.952050, 997.567054, 994.745701, 993.861732, 990.822808, 989.382589, 986.831029, 983.851418, 981.380361, 979.993493, 978.268108, 977.061688, 975.048287, 972.956158, 970.847115, 967.110564, 965.586585, 964.757805, 961.994120, 960.105918, 959.065377, 955.615940, 955.264840, 952.981017, 950.095363, 948.805472, 947.032365, 945.711184, 943.434987, 942.446159, 941.211369, 939.343604, 936.066954, 935.583585, 933.144402, 932.491034, 931.318980, 927.973356, 927.973356, 926.671864, 924.629633, 923.242394, 920.720430, 918.944231, 917.792264, 916.560976, 914.821911, 913.129460, 911.829602, 910.426086, 908.304845, 907.427055, 905.380901, 904.287990, 902.162804, 900.768368, 899.293441, 897.373648, 896.416857, 894.881948, 893.517294, 891.513696, 889.719760, 889.307949, 887.794637, 886.291069, 885.100881, 883.387983, 881.734894, 879.588041, 879.156919, 877.303379, 876.876034, 875.282949, 873.310154, 872.743986, 870.968201, 869.085296, 868.398392, 867.169109, 865.759125, 864.927818, 863.340447, 861.878003, 859.996280, 859.681179, 858.891708, 856.147632, 855.819142, 854.906155, 851.367911, 851.250485, 849.996667, 848.381528, 846.880002, 845.327724, 844.476032, 843.267015, 841.698776, 840.964896, 839.628824, 838.600007, 837.583924, 836.328084, 834.763232, 833.567762, 832.277121, 831.659926, 829.804208, 828.722329, 828.054789, 825.401469, 824.319963, 823.571104, 822.972626, 821.243438, 820.589746, 818.690702, 817.801665, 816.717247, 815.969051, 814.858031, 813.907786, 813.167085, 812.319430, 811.196173, 809.288727, 808.739913, 807.041631, 805.734608, 805.512168, 804.561074, 803.504195, 802.116709, 801.665751, 800.469723, 799.487878, 798.394687, 797.334880, 796.406367, 795.490785, 794.484912, 793.005391, 792.385326, 791.541795, 790.245651, 789.583142, 787.182602, tempo_execucao: 18.579784
5769789.548380, 1753111.038878, 505657.408825, 154730.513059, 57284.937862, 23868.269698, 10724.554300, 5648.018799, 3401.759099, 2373.313195, 1810.160983, 1509.782413, 1377.229508, 1285.775395, 1253.121000, 1230.204904, 1216.976129, 1206.808051, 1199.940039, 1190.523801, 1182.234688, 1177.648624, 1174.181654, 1166.721945, 1164.272614, 1156.975804, 1154.048541, 1147.388714, 1146.216727, 1136.962389, 1134.755559, 1130.973016, 1126.765853, 1120.675372, 1116.903804, 1113.167853, 1111.176683, 1107.173209, 1105.302770, 1100.234970, 1096.522472, 1093.442347, 1090.827926, 1086.023057, 1084.542050, 1080.504382, 1076.460514, 1075.329601, 1071.445612, 1067.516843, 1063.799302, 1062.667661, 1060.663171, 1057.488165, 1052.292333, 1050.243332, 1045.140465, 1042.587382, 1039.832049, 1038.190134, 1033.791597, 1031.794024, 1028.287864, 1026.563527, 1023.920133, 1020.455653, 1018.054085, 1017.151162, 1012.541950, 1009.880883, 1006.728562, 1005.906381, 1003.535671, 1000.630527, 998.386013, 996.518491, 990.712818, 990.539014, 988.951287, 986.342070, 984.666516, 981.950035, 980.064492, 978.446754, 975.582807, 973.071157, 972.178935, 970.090756, 967.898207, 966.061589, 963.246633, 962.742320, 959.121902, 957.898042, 955.343918, 952.931817, 951.498461, 948.436717, 947.472037, 945.972139, 944.324122, 942.535811, 939.713118, 939.265065, 937.535832, 935.758018, 933.523320, 931.878080, 930.624535, 928.569740, 927.136325, 925.563863, 923.060229, 920.586704, 919.972330, 918.739364, 917.220679, 914.911729, 914.214945, 910.466530, 909.807855, 907.924079, 907.131103, 905.280287, 902.189330, 900.870075, 900.323882, 898.997523, 896.122898, 895.805896, 894.111707, 892.490818, 891.555971, 889.251607, 887.873446, 887.115435, 885.295058, 883.515939, 881.395968, 881.061908, 879.899469, 876.906486, 875.643959, 875.079884, 872.394108, 871.977973, 871.137349, 869.605642, 868.004783, 867.519847, 865.479722, 864.473188, 862.842082, 861.929697, 860.296403, 859.030864, 857.887363, 856.451946, 855.370111, 854.374115, 852.433997, 851.769831, 849.958678, 848.991862, 847.684708, 847.001657, 845.069920, 844.043632, 842.696792, 841.828429, 839.989000, 838.715203, 837.675594, 836.209368, 835.090161, 834.167738, 833.521265, 831.677927, 830.104916, 829.177900, 827.641693, 825.717138, 824.391293, 824.390754, 822.532692, 821.129732, 820.335048, 819.746992, 818.498440, 817.449505, 816.587838, 815.589592, 814.546787, 813.329284, 812.470986, 811.531905, 810.490279, 809.168481, 808.379842, 806.509657, 806.209595, 805.333015, 804.230181, 802.133469, 801.982347, 800.383677, 799.902626, 798.607861, 797.864166, 796.175407, 794.652222, 794.631298, 793.293036, 792.349770, 790.660413, 789.710813, 789.550703, 787.906348, 786.558899, 785.938080, 784.933841, 783.968702, 783.026232, 782.149132, 781.552467, 780.633268, 779.752076, 778.998949, 778.170815, 777.304385, 775.872090, 775.585397, 774.492768, 773.762284, 772.150445, 771.796848, 771.082726, 770.558073, 769.485747, 768.628294, 768.198054, 766.791124, 766.303730, 765.588898, 764.206596, 763.800565, 763.148011, 761.746167, 761.262270, tempo_execucao: 18.069534
5728027.609380, 1739159.422864, 521507.816800, 168865.344116, 60452.091783, 22630.458269, 10421.190714, 5615.244146, 3392.206997, 2307.592945, 1746.144097, 1509.671923, 1427.901567, 1351.135538, 1290.738767, 1277.873364, 1261.713118, 1250.634029, 1245.016651, 1242.895781, 1231.126790, 1228.578658, 1222.365569, 1216.519177, 1211.852804, 1207.485389, 1202.569544, 1196.354391, 1193.788253, 1189.445541, 1184.976482, 1181.373270, 1176.501173, 1172.415085, 1167.653032, 1160.703546, 1159.206088, 1151.077986, 1146.849793, 1145.511806, 1140.321383, 1134.427366, 1131.449298, 1128.678599, 1125.151538, 1122.351167, 1116.349589, 1114.234907, 1111.896435, 1110.632430, 1106.318539, 1102.667908, 1099.024666, 1097.497095, 1093.088209, 1089.982711, 1087.566883, 1084.399636, 1082.472108, 1079.673155, 1076.272546, 1073.017946, 1069.981528, 1068.912211, 1067.260827, 1064.529787, 1062.632605, 1059.809252, 1057.078636, 1055.679519, 1053.673108, 1050.024039, 1047.338856, 1044.772149, 1041.338214, 1040.151607, 1037.599872, 1034.485575, 1032.107019, 1029.203923, 1028.199502, 1026.073088, 1024.276530, 1020.411688, 1018.801859, 1016.700815, 1015.168770, 1012.964525, 1010.513210, 1008.213126, 1006.549687, 1003.724719, 1001.947031, 998.560547, 996.293735, 993.914802, 993.209352, 991.403507, 989.057099, 986.762407, 983.639042, 982.760166, 981.465145, 978.021419, 976.418731, 973.861778, 973.262353, 970.364112, 968.439169, 966.182641, 964.419509, 963.385608, 960.820564, 958.868952, 957.791084, 955.095669, 952.991570, 951.166270, 949.339820, 948.766318, 945.724834, 944.090056, 941.913229, 940.609715, 938.106317, 937.560615, 934.422377, 933.410928, 931.159801, 930.300217, 929.101262, 926.526193, 925.217267, 922.956355, 921.467389, 920.536927, 917.842595, 917.661446, 914.638038, 914.357233, 912.460840, 911.212321, 909.451614, 908.543573, 906.988392, 905.198165, 904.516187, 903.086238, 901.077117, 899.373636, 897.853344, 897.504138, 895.142735, 894.407699, 892.510715, 891.234855, 889.340425, 887.779759, 885.743117, 884.752925, 884.016837, 881.574422, 880.171891, 878.841506, 877.459255, 875.388751, 874.233870, 873.357167, 871.919429, 870.319787, 868.788042, 867.834921, 866.025397, 864.323247, 864.080026, 862.104637, 861.441139, 860.045714, 858.622462, 857.481222, 857.164464, 854.775067, 853.965016, 851.485810, 851.147015, 849.780045, 848.865237, 847.750421, 846.712471, 844.156945, 842.812302, 842.811524, 839.602055, 839.304131, 837.169534, 837.064320, 835.283905, 834.988436, 833.237755, 832.441061, 831.413512, 830.116814, 828.783672, 827.623081, 827.135877, 825.769104, 824.274962, 823.300149, 821.953884, 821.193429, 820.012997, 818.971119, 817.724752, 817.247993, 815.797431, 815.352306, 814.365195, 813.370990, 812.331463, 810.856061, 810.192620, 808.723097, 808.130639, 807.605816, 806.167265, 805.489910, 804.577099, 803.517337, 802.666556, 801.242786, 800.473798, 799.629672, 798.457577, 796.981696, 796.563058, 794.533441, 794.307609, 792.611134, 792.317039, 790.893673, 790.618323, 788.584529, 787.889372, 786.478566, 785.461962, 784.920820, 784.143510, 783.211816, 782.062319, tempo_execucao: 17.944704
5676659.785086, 1707857.155167, 494173.058264, 170049.161741, 58946.649086, 21518.578027, 10282.625307, 5361.000642, 3530.326713, 2403.846017, 1899.622177, 1607.811514, 1459.260498, 1400.258993, 1366.259603, 1344.794437, 1330.915982, 1323.429909, 1315.645544, 1310.770799, 1301.307405, 1292.428490, 1290.220755, 1286.391897, 1274.577539, 1273.521126, 1269.661252, 1265.818195, 1259.725308, 1253.795775, 1247.352277, 1240.343334, 1233.822388, 1226.904791, 1226.904791, 1220.126788, 1217.992835, 1211.839923, 1209.862979, 1204.330374, 1203.388622, 1198.249163, 1196.241347, 1191.940129, 1189.734386, 1185.499809, 1181.312402, 1179.193167, 1176.061923, 1172.825428, 1169.907103, 1160.167524, 1160.089342, 1153.355796, 1151.837471, 1149.935937, 1147.061121, 1143.474340, 1137.641661, 1137.168146, 1131.716643, 1131.376272, 1128.473790, 1124.304884, 1122.575834, 1118.553248, 1114.688516, 1112.889745, 1111.082337, 1106.493038, 1105.530401, 1102.035910, 1099.848579, 1097.488652, 1093.067968, 1091.028624, 1090.114165, 1084.765291, 1083.659330, 1082.442610, 1079.721217, 1077.157136, 1072.835749, 1071.338089, 1068.362055, 1066.173054, 1062.727671, 1060.029991, 1059.585737, 1057.328221, 1054.290288, 1051.107332, 1050.381424, 1049.032124, 1046.333611, 1044.433205, 1042.482808, 1039.109157, 1038.509737, 1035.222268, 1033.065807, 1031.593217, 1028.959938, 1028.117749, 1025.471200, 1023.526551, 1021.820622, 1018.198287, 1018.160774, 1015.661773, 1014.164017, 1010.987133, 1009.900540, 1008.055545, 1006.359975, 1003.592246, 1002.091864, 998.917551, 998.253820, 996.367022, 993.273412, 992.932982, 990.673247, 988.675130, 986.928961, 984.551439, 981.489454, 981.334914, 978.854759, 977.269131, 976.319146, 974.204366, 972.555876, 970.578846, 968.613361, 965.826500, 965.684118, 963.901061, 961.835037, 960.310060, 959.365146, 956.736729, 955.213428, 953.651162, 949.160171, 948.034252, 948.008055, 946.129246, 944.710027, 942.286810, 941.707805, 939.799669, 937.869525, 936.805253, 935.270982, 933.922189, 932.088139, 931.078992, 929.132639, 928.060006, 924.781743, 923.669620, 922.502118, 921.615863, 920.426721, 918.415085, 917.240783, 915.624408, 913.885540, 911.432553, 910.196233, 909.322129, 908.274255, 905.903914, 904.192142, 902.739284, 901.420729, 900.073981, 898.990448, 896.757733, 895.776463, 894.828796, 893.866986, 892.370586, 890.001399, 889.401170, 888.264097, 887.641278, 886.068843, 884.596081, 883.021473, 881.279543, 879.707069, 879.371040, 877.915606, 876.878033, 875.639098, 875.067318, 873.916374, 872.339996, 870.958249, 869.912862, 868.449623, 867.191135, 866.401829, 865.751761, 863.966003, 862.702215, 861.739866, 860.449253, 858.956672, 857.806314, 856.168781, 854.803955, 854.632594, 853.677505, 851.738594, 850.716165, 849.175771, 848.478447, 847.834205, 846.594793, 845.767782, 843.588579, 843.040395, 841.864159, 840.647045, 840.081436, 838.296470, 837.447074, 837.056215, 835.634817, 834.197924, 833.248106, 831.921238, 831.357192, 830.352327, 829.400616, 828.529096, 827.279433, 826.297559, 825.491647, 824.279867, 823.506433, 822.016318, 821.347316, 820.344521, 819.060864, 817.608965, tempo_execucao: 19.522796
5814619.015741, 1806015.718572, 480443.456550, 156828.057791, 60151.077792, 21184.687352, 10579.539801, 5149.038562, 3290.704530, 2294.781680, 1764.204905, 1532.357454, 1414.707823, 1342.897002, 1308.548974, 1286.576292, 1272.727528, 1264.649650, 1261.506183, 1249.886541, 1245.290543, 1239.550086, 1232.711545, 1232.064497, 1228.110322, 1223.198631, 1217.368791, 1210.913636, 1207.431199, 1204.833216, 1200.511509, 1196.772340, 1191.526265, 1189.958880, 1180.826826, 1179.312273, 1176.271359, 1173.004296, 1169.123679, 1167.265515, 1163.070760, 1159.949312, 1158.023307, 1154.035844, 1148.969056, 1146.756933, 1142.790133, 1138.723865, 1136.384043, 1129.629830, 1126.484115, 1125.842098, 1122.814586, 1117.634542, 1116.517370, 1111.736812, 1111.486284, 1108.690204, 1103.449169, 1098.374108, 1095.832959, 1092.936944, 1090.624765, 1088.951544, 1085.213416, 1082.704594, 1080.264157, 1077.621377, 1076.185846, 1071.891751, 1070.581883, 1066.073902, 1064.674719, 1061.912680, 1059.891209, 1057.401972, 1054.119830, 1050.446435, 1050.294441, 1048.027740, 1045.225060, 1041.998582, 1041.141452, 1037.973452, 1036.030982, 1033.965900, 1032.323952, 1029.396973, 1025.706215, 1023.409569, 1021.241325, 1020.212001, 1018.820268, 1014.889293, 1012.734757, 1011.923444, 1009.087375, 1007.883731, 1005.823102, 1002.912883, 1000.686847, 999.190064, 997.268730, 994.911450, 993.510403, 990.984937, 989.550469, 987.178991, 984.894957, 979.346351, 979.346351, 976.964527, 975.875728, 973.834692, 972.839528, 971.241535, 969.475548, 967.022772, 964.391484, 963.961620, 961.983413, 959.531211, 957.479375, 956.778896, 954.823597, 952.276322, 952.029334, 950.059233, 948.060214, 945.692149, 944.305791, 942.808212, 940.465920, 938.949392, 937.804375, 935.804810, 934.187990, 933.315117, 931.805048, 929.378378, 927.249440, 926.662767, 925.345531, 924.161672, 922.066880, 920.604931, 919.477994, 916.826882, 916.233225, 913.819778, 911.911017, 910.999043, 908.870297, 908.373711, 906.928550, 905.646227, 904.260882, 902.721636, 901.174871, 899.257847, 898.941492, 897.177368, 895.220414, 894.356406, 892.599372, 891.857417, 890.703697, 889.091981, 887.982377, 885.749711, 884.583164, 884.102327, 882.887325, 881.565167, 879.443536, 879.073316, 877.309670, 876.509794, 875.497030, 874.136366, 873.231246, 871.481986, 870.092189, 869.021523, 867.646963, 866.302759, 865.671203, 863.868098, 862.685102, 861.041908, 860.121466, 858.747280, 857.021909, 856.295190, 854.873484, 853.174136, 852.440851, 851.888640, 850.466909, 849.366225, 847.399691, 846.749622, 845.432987, 844.792526, 843.674359, 842.645543, 840.963976, 839.470065, 839.032793, 837.681274, 836.896034, 835.987417, 834.035846, 833.795530, 832.574315, 830.967611, 830.199434, 828.533244, 828.283612, 827.284211, 825.877654, 825.255677, 823.541294, 822.285563, 821.534154, 820.417541, 819.599926, 818.412612, 817.227788, 816.304886, 815.032077, 814.451947, 813.331988, 811.905772, 811.640852, 810.636723, 809.833153, 809.034752, 807.837067, 807.163886, 805.950984, 805.063381, 803.925732, 803.549993, 802.681972, 801.150563, 800.727550, 799.803588, 798.911694, tempo_execucao: 20.562057
5714016.434293, 1793104.402596, 511602.954090, 155818.644790, 59493.926285, 22819.337065, 10800.223022, 5379.689165, 3492.267178, 2303.754122, 1806.547573, 1557.048045, 1454.569679, 1365.782099, 1340.062399, 1319.604958, 1312.432023, 1300.760363, 1293.050093, 1277.388958, 1272.093590, 1271.642348, 1263.860016, 1253.878303, 1249.842253, 1240.497044, 1239.866394, 1235.367930, 1228.032492, 1220.371396, 1217.239557, 1215.467693, 1212.285588, 1206.694239, 1202.907502, 1197.928558, 1194.638193, 1187.972069, 1183.633181, 1176.580842, 1173.248778, 1171.979643, 1169.031539, 1166.113824, 1160.637007, 1155.209428, 1151.622789, 1149.163461, 1143.458685, 1141.874372, 1137.495307, 1130.574495, 1130.149525, 1124.722972, 1121.363784, 1118.672162, 1114.694627, 1113.316444, 1108.213827, 1105.887638, 1100.916624, 1098.188226, 1096.655586, 1093.262668, 1090.811362, 1086.311263, 1082.727464, 1079.011526, 1076.072934, 1073.524380, 1070.755025, 1068.545256, 1063.791849, 1063.351179, 1060.059817, 1057.155690, 1054.488809, 1051.752570, 1048.649204, 1047.171969, 1044.466656, 1042.669298, 1040.252761, 1037.001236, 1035.900481, 1033.796224, 1031.490908, 1028.824360, 1026.965797, 1024.721263, 1021.808131, 1020.189171, 1017.484918, 1014.666221, 1012.555790, 1009.832515, 1008.993479, 1006.832137, 1004.453010, 1002.659764, 1000.974593, 997.213817, 996.851568, 994.992757, 990.941489, 990.343693, 989.055512, 987.185273, 984.705132, 982.910967, 980.583112, 976.710477, 974.737100, 973.761000, 971.232592, 969.429161, 967.576475, 965.203462, 963.655921, 962.470317, 961.135665, 958.514277, 957.164850, 954.483379, 952.661330, 950.910611, 948.500897, 946.619123, 944.484144, 944.354509, 941.302412, 939.894973, 939.151752, 937.333842, 935.143291, 933.429265, 932.367408, 930.939697, 928.431172, 925.476884, 924.196233, 923.284529, 921.358792, 920.523979, 919.074713, 917.256472, 916.184183, 914.341021, 911.997904, 910.686486, 909.268908, 907.507275, 906.485973, 905.295990, 903.587917, 901.425244, 899.429495, 897.817461, 897.127376, 895.285280, 893.338995, 892.851312, 890.643763, 888.484682, 888.264881, 886.869412, 884.859480, 883.503990, 881.513605, 881.108088, 879.480378, 877.623419, 877.172683, 875.567464, 874.661035, 872.643620, 871.682544, 868.713062, 868.616295, 866.710667, 866.581799, 864.919210, 863.011826, 861.904784, 861.410236, 859.999231, 859.160981, 857.455205, 857.021783, 855.209237, 854.033969, 852.637746, 851.193697, 850.166875, 849.320761, 847.723302, 847.284435, 845.672126, 844.710997, 841.845911, 841.288734, 839.138607, 839.138607, 838.239848, 837.454000, 835.935334, 835.471547, 834.186152, 833.331932, 832.027452, 831.423521, 829.983994, 829.474880, 828.504404, 827.579828, 825.642697, 824.959509, 823.432456, 822.741044, 821.522649, 820.451226, 819.546066, 818.508325, 817.714133, 816.549693, 815.851535, 814.553755, 813.581917, 812.181477, 811.581572, 810.001452, 809.112638, 808.186040, 807.570474, 806.275927, 804.693802, 803.463456, 802.337852, 801.476962, 800.723858, 799.235864, 798.725100, 797.817588, 796.660145, 794.541209, 793.614113, 791.925006, 791.175679, 790.479110, tempo_execucao: 23.322775
5602854.749482, 1698121.788372, 433056.335582, 161862.609814, 57613.065570, 22928.146496, 11016.370800, 5648.255421, 3314.600708, 2253.531966, 1824.973308, 1534.311513, 1403.396290, 1313.872163, 1273.147798, 1243.707932, 1227.605743, 1223.736483, 1213.489853, 1208.044926, 1197.860724, 1190.560927, 1188.485851, 1184.831061, 1174.389619, 1173.844650, 1168.127862, 1166.298874, 1163.282640, 1155.860654, 1152.505912, 1146.622361, 1143.631344, 1136.163078, 1135.046393, 1127.581485, 1123.920233, 1118.977482, 1117.940562, 1113.149269, 1111.488279, 1107.304566, 1105.417919, 1101.573883, 1094.990910, 1089.765538, 1089.758779, 1084.681622, 1081.906940, 1078.757150, 1075.768298, 1074.007738, 1068.908622, 1067.211839, 1063.222034, 1060.539176, 1055.391426, 1054.656379, 1051.924485, 1047.892113, 1044.992964, 1043.124052, 1039.146845, 1038.549239, 1035.547419, 1031.849758, 1030.045800, 1026.154383, 1023.719972, 1021.759526, 1019.188542, 1018.316925, 1013.605029, 1011.863964, 1010.218086, 1005.810198, 1003.407501, 1001.735599, 999.519290, 997.829808, 995.034766, 993.002183, 989.800001, 988.546012, 986.008817, 983.370585, 982.896366, 979.174814, 978.503707, 976.892368, 973.443686, 970.533458, 970.462232, 968.080739, 964.498961, 963.879598, 961.765601, 959.885257, 958.175878, 955.830112, 953.843449, 952.265729, 951.321193, 949.331093, 946.337671, 945.023927, 941.930141, 941.432019, 938.508044, 936.589148, 934.505133, 934.075893, 931.310526, 930.430463, 928.848512, 926.890969, 924.560373, 922.493619, 920.779667, 918.587836, 917.597369, 916.230732, 913.660089, 912.371531, 910.826619, 908.947942, 907.425331, 906.184662, 904.660193, 902.860122, 900.785600, 899.347291, 897.439115, 896.016895, 894.199541, 892.700579, 891.163846, 889.444573, 888.361319, 887.103788, 885.396907, 883.735631, 882.027309, 880.637738, 879.581098, 877.553614, 875.925280, 873.887915, 873.078018, 871.906759, 870.306305, 868.093612, 866.950343, 865.117847, 863.167034, 862.506656, 860.846941, 859.559136, 857.984813, 856.278042, 855.432334, 854.234112, 852.220732, 850.526653, 849.953209, 848.660239, 847.631159, 845.939048, 844.825642, 843.271581, 841.648166, 840.482236, 838.136216, 837.481820, 835.191479, 835.062496, 833.856224, 832.640753, 831.599178, 830.046917, 829.310383, 827.445631, 826.714727, 825.224295, 823.749700, 822.196262, 821.283132, 819.738837, 819.424349, 817.586171, 816.073827, 815.318761, 814.751653, 813.204878, 812.740246, 811.831611, 810.473420, 809.023698, 808.019030, 806.363751, 805.818351, 804.566926, 803.442840, 802.145873, 800.842621, 799.848115, 798.377545, 797.718251, 796.862955, 796.394596, 795.082701, 794.261957, 793.079218, 791.739383, 790.753535, 789.923764, 788.471409, 787.769039, 787.030008, 785.954643, 784.476844, 783.554103, 782.504743, 781.718855, 780.399132, 779.329608, 778.762114, 777.913625, 776.976698, 775.633912, 774.417875, 773.276694, 772.896305, 771.209296, 770.753916, 769.481956, 768.868174, 767.748308, 766.979127, 765.771368, 765.453103, 764.039487, 763.680283, 762.896705, 762.112823, 760.835070, 760.273365, 759.426514, 758.581898, tempo_execucao: 23.971385
5734507.100034, 1765122.040645, 523957.364333, 150831.889045, 61163.985146, 22035.441679, 10844.668769, 5743.008635, 3528.458445, 2326.640965, 1906.702236, 1633.790703, 1479.452589, 1420.390303, 1370.359167, 1347.695740, 1334.484170, 1320.804045, 1315.969088, 1309.996385, 1301.519856, 1287.216340, 1282.365830, 1279.583736, 1271.738498, 1262.397454, 1256.116638, 1251.397839, 1240.400360, 1239.741393, 1237.055391, 1230.360453, 1227.148761, 1221.158661, 1217.084120, 1213.043741, 1206.554472, 1204.343591, 1196.614953, 1191.183957, 1191.183957, 1182.202304, 1179.540179, 1173.544341, 1173.212573, 1169.293429, 1163.950145, 1161.406137, 1158.593265, 1151.721574, 1149.299826, 1146.486634, 1142.816125, 1137.150861, 1134.034875, 1132.767879, 1130.423842, 1125.982686, 1122.986018, 1119.403759, 1115.406909, 1112.342343, 1109.918998, 1106.418421, 1103.240454, 1100.876845, 1097.656517, 1095.767290, 1093.318377, 1090.363511, 1085.843214, 1083.385502, 1080.145927, 1079.565979, 1076.524188, 1074.231870, 1070.379195, 1069.569139, 1066.366625, 1062.957478, 1061.792625, 1058.913322, 1055.453405, 1052.615214, 1050.913308, 1046.273490, 1045.034282, 1041.867408, 1040.464447, 1037.590125, 1035.282654, 1033.019895, 1029.571854, 1028.727536, 1026.748789, 1023.979975, 1022.740102, 1021.590367, 1019.473472, 1017.966416, 1014.934512, 1013.667861, 1011.095532, 1009.227271, 1007.126172, 1005.276679, 1002.836345, 998.771016, 998.111578, 995.023025, 993.509976, 989.918806, 987.797604, 987.044817, 983.780504, 983.344996, 982.063234, 978.983371, 976.666960, 975.981106, 973.281087, 971.910511, 970.570006, 968.302548, 966.477475, 965.181294, 963.099729, 961.308124, 959.606389, 957.904000, 956.590020, 954.286466, 953.329931, 951.637873, 949.199073, 947.112671, 945.521282, 943.894732, 942.822822, 940.519384, 939.320709, 937.582579, 936.470217, 934.253631, 932.747117, 931.328069, 929.438763, 927.666284, 926.642930, 924.774800, 923.624862, 920.923048, 920.334775, 918.076726, 917.327048, 916.008603, 914.332145, 911.983914, 909.374585, 908.758893, 908.021621, 906.287892, 905.892865, 904.285278, 901.930570, 900.557293, 900.088967, 897.601327, 897.278069, 895.695991, 893.684813, 890.926310, 890.787983, 890.051387, 888.463770, 886.975900, 884.138512, 884.102360, 882.150179, 880.168004, 879.561199, 878.343511, 877.106657, 875.298531, 873.948329, 871.696678, 870.549875, 869.812777, 869.144230, 868.106410, 866.159614, 864.761691, 863.466206, 862.773820, 861.113785, 860.197974, 859.199358, 857.535648, 856.437496, 855.631835, 854.149869, 853.497799, 852.547089, 850.946241, 849.562176, 848.577922, 847.317240, 845.835146, 845.188906, 844.144432, 842.322483, 841.765921, 840.699061, 839.504273, 836.306837, 836.288511, 835.253512, 833.163457, 832.381403, 831.355393, 830.101954, 829.493942, 828.103909, 827.164554, 825.703602, 824.877887, 823.982955, 822.452927, 821.719514, 820.903767, 818.956918, 818.850179, 817.778922, 816.700921, 815.780454, 813.661906, 813.126586, 812.066688, 810.974921, 809.547887, 808.407853, 807.822861, 806.735606, 806.485493, 805.179841, 804.554796, 803.541071, 802.791777, 802.215701, tempo_execucao: 19.245849
5695917.111768, 1717268.672443, 497594.844449, 171296.066713, 59735.371345, 22812.646104, 10422.736518, 5697.733052, 3396.186084, 2348.362924, 1839.349311, 1532.515917, 1422.528233, 1333.085529, 1310.106565, 1290.834691, 1278.057035, 1268.787035, 1260.715750, 1251.161257, 1247.153332, 1242.299656, 1234.063279, 1227.745151, 1217.204045, 1214.493022, 1207.290871, 1203.981490, 1196.481313, 1191.828657, 1186.349714, 1182.311005, 1175.861132, 1174.143904, 1167.919047, 1163.695439, 1157.278315, 1157.204027, 1151.073739, 1150.184215, 1147.198637, 1142.710034, 1139.654999, 1136.063219, 1133.523164, 1126.880762, 1125.256555, 1121.515662, 1118.943028, 1116.185030, 1112.973985, 1111.474808, 1107.567225, 1104.099781, 1100.563890, 1097.778846, 1096.234210, 1091.247260, 1089.309535, 1086.568474, 1084.357949, 1079.007650, 1077.229370, 1074.791263, 1071.267490, 1069.272469, 1064.825553, 1064.212362, 1060.466194, 1058.809575, 1054.983591, 1053.333427, 1050.887809, 1048.394541, 1044.739283, 1043.155389, 1039.126077, 1037.353967, 1036.127819, 1032.670226, 1030.722405, 1027.401234, 1024.429144, 1023.531320, 1019.725525, 1017.874816, 1016.049967, 1013.992403, 1010.500488, 1010.492331, 1007.397621, 1006.100475, 1003.890457, 1001.890327, 999.591125, 996.969452, 992.907576, 992.419093, 990.695479, 988.970016, 985.950888, 985.172318, 982.950248, 981.772625, 979.362407, 977.921231, 975.635345, 974.516382, 972.185335, 969.187381, 967.835153, 965.593830, 964.942468, 960.760370, 958.530784, 957.845858, 956.358926, 953.449326, 952.104954, 951.019777, 947.229569, 945.711045, 945.428535, 942.545429, 942.002196, 940.934941, 938.993635, 936.821141, 935.433713, 933.913914, 932.835436, 928.983177, 926.973388, 924.553243, 924.436910, 921.137390, 921.016472, 920.593180, 918.411298, 917.274703, 915.813851, 914.094069, 911.887577, 910.461318, 907.687102, 906.779671, 903.384468, 902.788936, 901.325851, 900.133332, 898.389473, 896.874022, 894.850177, 893.747600, 892.527086, 891.355635, 889.344872, 887.704699, 885.924134, 884.281153, 882.799265, 882.028403, 880.571454, 878.988575, 876.847138, 875.052562, 874.900100, 872.862870, 871.625975, 869.977358, 867.969546, 867.632748, 866.234265, 864.837687, 863.801960, 861.555493, 860.092098, 859.317187, 857.191559, 856.283695, 854.739850, 854.282246, 852.845258, 851.321995, 849.973437, 849.339144, 847.221559, 846.464466, 844.886692, 844.324126, 843.237049, 842.467025, 840.748531, 839.878308, 838.572311, 837.967711, 836.303001, 835.446058, 834.570176, 833.370390, 832.305411, 830.731667, 829.845086, 828.765179, 827.940809, 826.601416, 825.242454, 824.156964, 822.838609, 821.347892, 820.992563, 819.857631, 818.403101, 816.835307, 815.363998, 813.059546, 812.670565, 812.521660, 810.808352, 809.890915, 808.968817, 806.958203, 805.981223, 805.797661, 804.663654, 803.221961, 802.222045, 801.373661, 799.943391, 799.529029, 798.453161, 797.399532, 796.893222, 795.771143, 795.157677, 794.279334, 793.049456, 792.441202, 791.023230, 789.985964, 789.366471, 788.397066, 787.962867, 786.649070, 785.386371, 784.766626, 783.401701, 782.826919, 781.754363, tempo_execucao: 17.716541
5617641.814031, 1639664.109056, 501577.482805, 167519.581026, 58112.830367, 22029.708666, 10923.759512, 5835.449509, 3435.518827, 2496.285510, 1973.575157, 1676.126642, 1555.590594, 1483.567729, 1455.267479, 1430.617341, 1409.391774, 1400.851246, 1392.094470, 1380.713130, 1375.385645, 1366.058018, 1360.361144, 1350.166274, 1344.100480, 1341.317412, 1330.989484, 1325.192985, 1320.368587, 1316.803166, 1307.587634, 1299.586714, 1296.437438, 1292.107988, 1288.932494, 1280.754425, 1277.504176, 1272.223577, 1266.492078, 1262.114712, 1251.250047, 1250.472828, 1241.322843, 1239.597235, 1236.645217, 1232.420614, 1227.789082, 1224.526977, 1220.936927, 1217.324127, 1211.756136, 1210.397247, 1201.846957, 1200.454172, 1197.187002, 1193.304215, 1187.218457, 1184.140453, 1174.940213, 1174.732537, 1171.601398, 1168.023673, 1166.063498, 1158.792230, 1158.792230, 1155.792731, 1153.195273, 1148.993087, 1144.463409, 1140.307233, 1138.662220, 1134.518213, 1131.137031, 1127.820210, 1123.730900, 1122.637100, 1119.812570, 1115.278815, 1112.245400, 1108.145733, 1104.792483, 1101.530805, 1100.727039, 1095.695742, 1093.224254, 1092.424326, 1088.647233, 1088.022087, 1083.050317, 1081.683128, 1078.433311, 1075.756473, 1073.747950, 1070.352940, 1067.767192, 1064.409590, 1061.129539, 1061.106633, 1057.363568, 1055.310579, 1051.560542, 1049.235421, 1046.827552, 1042.322110, 1039.265543, 1038.340156, 1035.279024, 1034.692960, 1029.710601, 1028.208857, 1026.455703, 1024.236529, 1021.804381, 1019.550456, 1017.408255, 1015.283488, 1013.244809, 1012.113911, 1007.581107, 1007.038573, 1004.623132, 1002.714779, 999.638422, 998.055400, 996.232098, 994.209683, 991.706745, 991.069313, 987.159989, 986.407969, 984.977705, 981.719093, 980.792762, 979.347659, 977.162634, 974.619738, 973.339841, 972.374241, 969.432797, 967.194568, 962.838979, 961.284155, 960.886084, 958.176431, 956.745132, 955.388956, 953.904170, 951.382422, 950.810341, 949.408115, 947.135603, 944.990993, 943.734753, 940.894535, 940.808196, 938.593223, 937.047192, 935.521128, 933.273803, 931.880647, 930.788716, 928.952943, 927.094453, 923.991988, 923.296314, 921.539710, 919.940195, 918.628637, 917.916738, 915.607693, 914.546456, 912.400311, 910.440344, 908.341319, 908.025100, 906.288198, 903.532485, 902.904502, 901.937314, 900.707059, 898.815168, 896.876073, 895.951390, 895.095171, 893.119060, 891.829315, 890.947423, 890.118713, 888.284360, 887.091430, 884.324359, 883.521470, 882.447447, 881.149348, 879.882125, 878.113615, 876.635645, 875.135475, 873.799519, 872.406829, 871.728542, 870.709363, 868.604032, 867.970538, 866.677456, 865.058975, 863.430982, 862.105271, 861.418789, 860.123708, 859.261356, 858.246982, 857.014596, 855.171061, 854.135739, 852.890945, 851.924266, 850.994170, 849.137523, 845.753048, 845.430555, 844.803032, 843.334805, 842.570919, 841.764281, 840.144215, 839.388147, 838.338244, 837.183578, 836.315570, 835.343988, 833.918683, 832.038819, 831.365968, 830.448216, 829.614189, 828.189698, 827.381943, 825.949416, 825.148067, 824.025839, 822.581370, 822.360437, 820.323531, 818.957206, 818.522357, 816.993077, 816.625115, 815.432573, tempo_execucao: 18.459892
5467746.778485, 1697000.642079, 506464.190852, 169412.580741, 61601.081201, 22406.980277, 10784.178462, 5209.012832, 3071.074112, 2192.603928, 1774.358023, 1478.942097, 1345.271975, 1280.045554, 1248.910040, 1220.777553, 1210.285585, 1191.027650, 1189.756808, 1188.896136, 1183.586299, 1176.893360, 1171.585237, 1166.463929, 1159.977857, 1157.927547, 1152.712205, 1148.201965, 1145.217260, 1139.469612, 1134.259221, 1130.655999, 1124.004835, 1121.753615, 1112.602011, 1110.633886, 1107.692486, 1101.626526, 1097.824144, 1094.148921, 1093.400122, 1089.643609, 1086.983070, 1082.396923, 1081.544887, 1076.620403, 1073.262257, 1069.043430, 1064.796585, 1062.827071, 1057.773190, 1055.383801, 1051.181464, 1045.743263, 1044.499213, 1042.040107, 1038.893641, 1036.422935, 1032.340619, 1029.225825, 1025.368554, 1024.228912, 1021.659810, 1017.914755, 1016.197448, 1015.105639, 1007.672379, 1007.672379, 1003.893958, 1002.467375, 999.471775, 996.456017, 996.030647, 993.740097, 990.761492, 988.887035, 985.885114, 983.948303, 980.304710, 978.776884, 976.536821, 972.241472, 971.839127, 969.324824, 967.131310, 965.079385, 962.313981, 960.877880, 958.553449, 957.278875, 953.805747, 952.358810, 949.176022, 948.853655, 946.185293, 943.580881, 941.417114, 939.640922, 938.018823, 935.233612, 933.803841, 932.339855, 929.535656, 928.492637, 925.187630, 924.234958, 921.957297, 920.694725, 918.770970, 915.811722, 915.006932, 912.892133, 911.396560, 910.435329, 908.983357, 906.537150, 905.046201, 903.517723, 901.258740, 899.103640, 897.653311, 896.047921, 893.328894, 893.328894, 891.394714, 890.262289, 889.193750, 886.850440, 883.469022, 881.668755, 879.404124, 878.958420, 878.073464, 875.612169, 874.745017, 873.119720, 872.211669, 869.631959, 868.554738, 865.795263, 865.064370, 864.392119, 863.124781, 861.193006, 859.728450, 858.572372, 857.246941, 855.412695, 853.099085, 852.896341, 851.664478, 850.528150, 847.355868, 847.262261, 846.030084, 844.066597, 843.626120, 840.830044, 840.830044, 838.751323, 837.658799, 836.495288, 835.342987, 833.589683, 832.232920, 830.794019, 830.351289, 827.816556, 826.615332, 825.747635, 822.564141, 821.211675, 821.121366, 819.516622, 817.836334, 817.206982, 815.842599, 814.575709, 813.531995, 812.578003, 811.115113, 810.635754, 808.712716, 808.491248, 806.627670, 806.241566, 803.694074, 802.976416, 800.745067, 800.245223, 799.203246, 797.886874, 796.934883, 795.930455, 794.391412, 793.896556, 792.743120, 792.046057, 790.147336, 789.230479, 788.111928, 787.260785, 784.908921, 784.593104, 784.090505, 783.047661, 781.297929, 780.945842, 778.632438, 778.427528, 776.180473, 776.117841, 775.223737, 774.152296, 773.504953, 772.095801, 771.528022, 770.343733, 770.031270, 768.124529, 767.096582, 766.817603, 765.675835, 764.912615, 764.048584, 763.098740, 762.225362, 761.452539, 760.271874, 758.976192, 758.345408, 756.529121, 755.555303, 755.148302, 753.286609, 752.582228, 751.581143, 750.921352, 749.940225, 749.389348, 747.762345, 747.007825, 746.324818, 744.646270, 744.168438, 743.564334, 742.561604, 741.205561, 740.674197, tempo_execucao: 18.216864
5702272.470984, 1693335.010738, 469986.334172, 165996.829635, 60236.124757, 22221.211459, 10021.452434, 5599.696178, 3333.689810, 2233.012072, 1739.573374, 1464.361815, 1339.296836, 1277.175155, 1239.227835, 1216.545361, 1201.788761, 1195.286359, 1187.386998, 1178.347072, 1173.334745, 1163.348173, 1156.884967, 1156.884967, 1153.703462, 1148.089964, 1145.045894, 1135.063738, 1134.307360, 1127.490385, 1125.656286, 1120.123843, 1116.418505, 1112.738977, 1109.759840, 1104.207638, 1102.574981, 1098.241222, 1096.889557, 1091.808991, 1088.352480, 1084.343980, 1082.328758, 1079.497785, 1075.827808, 1071.159794, 1068.682737, 1064.757323, 1061.354737, 1059.796041, 1056.866204, 1054.797804, 1051.773020, 1049.318396, 1047.240098, 1043.670360, 1041.194474, 1037.086480, 1034.661784, 1033.037372, 1030.298030, 1025.829479, 1021.944711, 1021.116426, 1018.830905, 1017.159563, 1014.061373, 1011.379721, 1009.941423, 1007.310990, 1005.744728, 1002.541760, 1000.148899, 998.926152, 997.079180, 992.651226, 990.902007, 989.671071, 986.349795, 984.805040, 981.641339, 980.261069, 978.777578, 976.302182, 975.699581, 973.696941, 970.412570, 970.364109, 967.944940, 966.816730, 964.119944, 961.225411, 959.242801, 957.058966, 956.219118, 953.187198, 952.309821, 950.745989, 948.330070, 947.790631, 945.374175, 944.153451, 942.050725, 940.545044, 938.732575, 937.342729, 934.648685, 932.437386, 931.029850, 929.722298, 926.692394, 925.347596, 922.437486, 920.231360, 919.069947, 917.250041, 915.554309, 913.174920, 912.327395, 909.105803, 908.524244, 907.669472, 905.168514, 903.919523, 901.697914, 899.919833, 898.724221, 897.091502, 894.809683, 894.124490, 891.023637, 890.658079, 888.682689, 887.191174, 884.914678, 884.384729, 882.022162, 881.389571, 880.283966, 878.367614, 877.435983, 875.156648, 873.324350, 871.718779, 871.038680, 868.209955, 867.881438, 866.505882, 865.318268, 863.217765, 861.635417, 860.772502, 859.177125, 857.950986, 857.373008, 855.626604, 855.046703, 853.042098, 852.346126, 851.168221, 850.307422, 848.786341, 847.806617, 846.630970, 845.138074, 844.446214, 843.411012, 841.620079, 840.875610, 839.680088, 838.678809, 836.123644, 835.297766, 833.803264, 832.304819, 830.810916, 829.507885, 828.501816, 826.318454, 825.632791, 825.191822, 823.692881, 823.094389, 821.930067, 820.198672, 819.408857, 817.763448, 817.597946, 816.386701, 815.237060, 814.266926, 812.995280, 811.419710, 811.006731, 809.545467, 808.271996, 806.702044, 806.277746, 805.271464, 804.126748, 803.295609, 802.008913, 800.487512, 799.376304, 798.238090, 797.579522, 796.215607, 794.082806, 794.082806, 792.477736, 791.619795, 791.243548, 789.988134, 788.473046, 787.947219, 787.241548, 786.417329, 785.915175, 784.939794, 783.632994, 783.223109, 781.590981, 781.115932, 780.312821, 779.005219, 778.666746, 777.808202, 777.257750, 776.131067, 775.378084, 774.267719, 772.457572, 772.249027, 770.878407, 770.233457, 769.692995, 768.861990, 768.135171, 766.366477, 765.672261, 764.898746, 763.692060, 763.310234, 762.585206, 761.336904, 760.206957, 760.079334, 758.817575, 757.969080, tempo_execucao: 18.294329
5762687.065294, 1625202.039221, 501237.308365, 145881.819330, 57142.658419, 23757.510075, 10708.607772, 5237.206867, 3146.134293, 2201.584091, 1682.227747, 1400.991276, 1300.171683, 1250.261751, 1208.935715, 1186.370519, 1176.775137, 1164.859693, 1164.502217, 1159.367353, 1151.704547, 1145.136897, 1140.780673, 1138.578548, 1134.658815, 1131.364119, 1126.184579, 1120.223970, 1115.656652, 1110.388092, 1104.680527, 1099.858671, 1096.860160, 1094.055238, 1090.945862, 1086.291545, 1080.770100, 1079.370906, 1075.064456, 1073.229685, 1066.991921, 1064.111903, 1060.799974, 1055.750573, 1054.986302, 1051.635407, 1049.273059, 1047.262461, 1044.616092, 1041.540393, 1038.884886, 1035.197457, 1033.163155, 1029.775089, 1028.332351, 1025.038102, 1022.394801, 1019.295414, 1015.450624, 1014.045093, 1010.574295, 1009.482158, 1005.283377, 1004.835879, 1001.450558, 996.676277, 994.700540, 993.644163, 990.440815, 987.220415, 986.207530, 984.020625, 981.478051, 978.447465, 976.315126, 975.812127, 973.337943, 969.198650, 966.864646, 964.627995, 963.471897, 961.448310, 960.172366, 957.243170, 955.700618, 953.814542, 951.613842, 949.395722, 946.113817, 945.636132, 942.573534, 941.963274, 939.954503, 937.851918, 935.766311, 933.919569, 931.482919, 930.508942, 927.455243, 927.034048, 925.271911, 923.484092, 921.398521, 920.335871, 918.404764, 916.224611, 914.918590, 913.006456, 910.848723, 908.885013, 907.402806, 906.232919, 903.822587, 902.140506, 901.206426, 899.195726, 898.188260, 894.328135, 891.707224, 891.261997, 889.635198, 888.068078, 887.576654, 884.554592, 883.722005, 881.911039, 880.897937, 879.263566, 877.923055, 875.546475, 873.880861, 872.897289, 871.694512, 868.928135, 867.613828, 865.757379, 865.374242, 863.790842, 862.648970, 861.223955, 860.665940, 859.124947, 857.458271, 856.031005, 855.511562, 854.508307, 852.681093, 850.061182, 849.452008, 848.675609, 847.197096, 846.304073, 844.389580, 844.004993, 842.847367, 841.400825, 839.587423, 838.211677, 837.340856, 835.282365, 834.630497, 833.153314, 831.694003, 831.308180, 829.604968, 828.339498, 827.135821, 826.013431, 824.858588, 823.577892, 822.499099, 821.262593, 818.914039, 818.632700, 817.328527, 815.939439, 815.387649, 814.413535, 812.737632, 811.678672, 811.223416, 809.408202, 809.336428, 808.182375, 806.662776, 805.747847, 804.774675, 803.328542, 802.634630, 802.067673, 800.906373, 800.132295, 798.744842, 797.594517, 796.533536, 794.887200, 794.887200, 793.701634, 792.325907, 791.861906, 790.631343, 790.111412, 789.070770, 787.979793, 787.167091, 785.221015, 784.728738, 783.290469, 782.574661, 782.061720, 780.618754, 779.329124, 778.797229, 777.536026, 776.798104, 776.376618, 774.917722, 773.906362, 773.069111, 772.061562, 770.944953, 770.143260, 769.530234, 768.691605, 766.476460, 766.346202, 765.323601, 764.558859, 763.523089, 763.214752, 762.204961, 761.072798, 760.149256, 759.694925, 758.878059, 757.630893, 757.374252, 756.236280, 755.591386, 754.248915, 753.972097, 753.058898, 751.445141, 751.073497, 750.424810, 748.797337, 748.772028, 747.916346, 746.576404, tempo_execucao: 18.369884
5719012.296811, 1758879.590067, 513337.146906, 160359.699694, 58845.542832, 21617.211217, 10088.579473, 5102.667779, 3162.501235, 2323.080729, 1795.849059, 1548.159342, 1387.286897, 1334.876377, 1289.663749, 1269.199961, 1254.386750, 1242.878862, 1237.698101, 1223.373927, 1220.532544, 1213.176886, 1207.008204, 1200.092114, 1194.214350, 1189.263961, 1186.917375, 1181.612031, 1176.890436, 1174.241383, 1167.954819, 1161.663278, 1159.048754, 1153.887365, 1149.775111, 1145.871116, 1140.685468, 1139.225886, 1133.932608, 1126.841689, 1125.377140, 1123.045973, 1117.047515, 1107.903197, 1107.301276, 1104.936995, 1103.540838, 1100.605611, 1095.953252, 1092.800725, 1090.209781, 1085.700822, 1084.555812, 1082.821862, 1079.781539, 1076.166746, 1072.284931, 1069.675244, 1068.656091, 1061.802743, 1060.824915, 1058.372264, 1053.197209, 1051.306147, 1045.865185, 1044.327114, 1043.099027, 1040.157577, 1036.477287, 1033.992941, 1031.332729, 1029.126711, 1026.569210, 1024.702232, 1020.954540, 1019.595097, 1017.958011, 1016.079495, 1014.145074, 1011.435167, 1007.164137, 1005.946800, 1003.904035, 1000.154678, 999.273707, 995.182423, 994.365688, 991.223698, 989.301959, 985.845386, 985.772576, 983.106038, 981.340507, 979.832896, 977.863133, 975.512677, 971.503951, 971.423041, 968.649838, 966.878503, 965.190580, 962.822106, 960.088182, 959.494858, 955.941208, 955.208158, 952.722833, 949.394020, 948.316723, 946.883920, 944.634381, 942.735302, 942.242837, 939.071846, 936.835111, 935.877109, 934.685159, 932.458771, 931.578316, 929.293415, 926.806836, 925.530328, 922.836324, 922.263116, 920.604993, 919.294069, 917.905035, 916.189242, 914.427166, 911.534473, 910.161231, 908.801934, 906.027752, 905.331868, 903.010490, 901.628865, 899.791423, 898.432940, 897.049258, 896.154206, 894.039663, 892.363795, 890.245815, 890.158674, 888.511829, 887.790757, 885.726834, 883.232043, 882.269451, 881.115287, 879.700645, 878.157978, 875.995199, 875.268522, 873.781009, 872.578144, 871.180058, 869.734926, 868.949197, 867.127142, 865.703942, 864.734680, 863.461234, 861.725387, 861.165556, 859.488086, 858.114164, 855.539905, 854.611035, 853.804073, 852.829875, 851.487723, 850.524500, 849.530712, 848.331471, 847.230679, 845.842625, 844.646774, 843.627163, 841.142597, 840.897742, 838.805937, 838.699441, 837.488931, 836.067778, 834.818933, 834.072007, 832.620656, 831.602326, 830.369672, 829.323032, 828.047274, 827.540164, 826.230594, 825.373980, 824.051781, 822.905030, 822.198486, 820.887770, 819.705797, 818.782861, 816.998075, 816.351468, 815.639342, 814.746168, 813.554264, 812.540382, 811.364714, 810.614512, 809.300710, 808.883691, 807.539369, 806.259213, 805.518606, 804.483120, 803.088274, 802.300850, 801.183240, 800.221769, 799.611969, 797.985842, 797.525256, 796.686453, 795.649467, 794.701024, 793.752675, 792.550518, 791.573431, 790.890834, 789.591449, 788.963027, 787.941737, 785.893259, 785.452325, 784.313817, 783.763908, 783.098610, 781.743988, 781.239285, 780.394672, 778.964520, 778.684137, 777.480326, 776.862489, 775.841022, 775.361735, 774.468180, 773.476728, 772.490387, tempo_execucao: 18.574221
5738279.568572, 1821198.182813, 526083.264451, 174963.119457, 60015.853043, 24880.478215, 10731.317690, 5205.958630, 3426.858138, 2374.193882, 1940.435168, 1643.599890, 1512.995806, 1448.575961, 1397.566691, 1377.747416, 1368.865867, 1356.606120, 1345.993683, 1343.449013, 1332.045174, 1328.983561, 1321.042026, 1314.982528, 1310.580579, 1305.350693, 1298.650830, 1291.123388, 1287.606282, 1282.521058, 1276.775053, 1274.583282, 1270.448985, 1266.080156, 1262.145372, 1253.166563, 1249.821795, 1246.470602, 1242.759171, 1235.933933, 1229.181026, 1228.698980, 1221.803587, 1219.641786, 1210.553460, 1208.359911, 1207.357448, 1202.745702, 1195.496573, 1191.979190, 1189.601475, 1186.241436, 1184.413748, 1179.954202, 1176.816802, 1172.198180, 1170.387672, 1165.152006, 1164.426736, 1158.454338, 1156.604230, 1151.239611, 1147.705083, 1143.802837, 1140.584932, 1137.912396, 1133.946862, 1132.359111, 1129.155506, 1126.103711, 1123.175676, 1120.912257, 1117.126588, 1115.461121, 1113.416887, 1110.177385, 1106.619048, 1103.161911, 1101.015310, 1098.407389, 1095.439888, 1092.428730, 1090.366096, 1086.906865, 1084.994788, 1081.459781, 1077.372035, 1076.044161, 1073.940242, 1070.371658, 1068.898156, 1065.194923, 1063.440358, 1060.835796, 1057.983926, 1055.734356, 1053.959573, 1049.787254, 1048.885602, 1047.065166, 1044.724895, 1040.092691, 1038.010201, 1036.100039, 1033.742723, 1031.560423, 1029.674815, 1027.459743, 1025.881212, 1023.717611, 1021.233181, 1018.027245, 1016.383702, 1014.682862, 1011.327159, 1010.292060, 1006.572800, 1006.216850, 1004.758851, 1002.110946, 998.940120, 996.786845, 994.544054, 993.536292, 991.112738, 989.255108, 988.633768, 985.998794, 984.095608, 981.786287, 979.732567, 977.518018, 976.102684, 973.765970, 973.241475, 969.815661, 966.457669, 964.720953, 963.231458, 962.043001, 960.308710, 958.253590, 954.742114, 953.518417, 952.405220, 950.588463, 947.408546, 947.408546, 945.097424, 943.778355, 942.766892, 941.058095, 938.482435, 936.671063, 936.020436, 933.584407, 932.490051, 930.973341, 929.045581, 927.489851, 926.985043, 925.279427, 923.882902, 921.355487, 920.527724, 919.253300, 917.730405, 915.938788, 914.876744, 912.864144, 909.915113, 909.411527, 907.899435, 906.661663, 904.901065, 903.514839, 902.768236, 900.733720, 899.607356, 898.679267, 897.178079, 895.024020, 893.791873, 892.679793, 891.530442, 889.569554, 888.991020, 887.541010, 885.947291, 884.877305, 882.825599, 881.833346, 879.582490, 877.364019, 877.212857, 876.244214, 874.356398, 873.429342, 872.093407, 871.328398, 869.494986, 869.162539, 867.737614, 866.012385, 864.836533, 862.490265, 861.972536, 860.666345, 859.944282, 858.926509, 857.294719, 856.927921, 854.894803, 853.748584, 853.031490, 852.182835, 849.807686, 849.364568, 847.450287, 847.156440, 845.846007, 844.677468, 843.805490, 842.612403, 840.625923, 840.185444, 839.234671, 836.341073, 835.775985, 834.984353, 833.718960, 832.985582, 832.136411, 829.902188, 829.134589, 828.017759, 826.923061, 825.733536, 825.011806, 824.007582, 822.737114, 821.373530, 820.580683, 819.345422, 817.979874, 817.409264, 817.129435, 816.389349, 814.465243, tempo_execucao: 17.658884
5766924.942933, 1812103.973595, 527061.916803, 169312.393590, 56280.321348, 23217.596845, 10330.969064, 5167.571405, 3135.364659, 2187.499543, 1691.752944, 1481.138353, 1382.854129, 1296.546520, 1274.343582, 1245.895509, 1237.867049, 1231.637443, 1223.698645, 1213.603672, 1211.435182, 1205.580155, 1199.520666, 1191.990130, 1186.534902, 1184.025629, 1175.884412, 1172.825045, 1166.226465, 1159.463544, 1153.973200, 1150.479430, 1144.923960, 1142.800451, 1137.436471, 1132.522397, 1127.551016, 1126.430587, 1120.701661, 1119.227153, 1113.749114, 1109.053285, 1101.630371, 1100.970243, 1095.532107, 1092.306692, 1088.792237, 1083.980787, 1081.797458, 1078.192965, 1074.628636, 1072.149115, 1069.624969, 1066.367028, 1061.822654, 1059.899382, 1055.709583, 1053.238338, 1051.063933, 1048.017653, 1044.765724, 1042.191377, 1038.922795, 1032.198765, 1031.695438, 1028.838206, 1027.231740, 1022.670593, 1020.801927, 1017.226737, 1016.130948, 1014.432634, 1011.228935, 1006.151026, 1006.151026, 1003.799937, 1001.321455, 997.558353, 995.229053, 994.406893, 992.502905, 988.766538, 984.288760, 983.816603, 981.663461, 977.884367, 974.601878, 973.482860, 970.859505, 968.771728, 967.510267, 964.634539, 962.283831, 960.118364, 956.524265, 955.699477, 952.943328, 949.079547, 948.410055, 943.006086, 942.977474, 941.643857, 939.664428, 937.828995, 936.095493, 933.395069, 932.050696, 929.567187, 928.600056, 926.033496, 924.095230, 922.434483, 920.240551, 919.155342, 916.319128, 914.637944, 911.922941, 909.080409, 908.711852, 905.908090, 905.005865, 903.272758, 901.223472, 900.558190, 898.281496, 897.345113, 895.211334, 893.711897, 891.690409, 890.024752, 887.919413, 887.094492, 885.078421, 883.957970, 883.253055, 881.581527, 879.605657, 877.903694, 876.554592, 873.818830, 872.721753, 871.953924, 870.161323, 868.848612, 867.315345, 864.975387, 864.821570, 862.098454, 860.845679, 858.506504, 858.506504, 857.487747, 856.092407, 854.507142, 853.048008, 852.115267, 850.504694, 848.669611, 847.076616, 846.548997, 843.791814, 843.443187, 842.361336, 840.403847, 838.853130, 837.463202, 835.045877, 834.699039, 834.241659, 832.135943, 831.749828, 830.348792, 828.521532, 827.664608, 826.467285, 824.548589, 822.207572, 821.215556, 820.515615, 820.045265, 817.344105, 816.612893, 815.439999, 814.457433, 812.724938, 811.271439, 809.502424, 807.852428, 807.524290, 806.865067, 804.769917, 803.946712, 803.284571, 801.961996, 801.340561, 800.299727, 799.664131, 798.145295, 797.076012, 796.373030, 795.001289, 793.939159, 792.651516, 791.435481, 790.368179, 789.035203, 788.025276, 786.856835, 785.421052, 784.013791, 783.839356, 782.680626, 782.135885, 780.770828, 780.000456, 778.615010, 778.183669, 777.481625, 776.135591, 775.215523, 773.966906, 773.324696, 772.926706, 771.594082, 770.869261, 769.866374, 768.901103, 768.036919, 766.938170, 765.511597, 764.850560, 764.111528, 763.131021, 762.362109, 761.075977, 760.394876, 759.786830, 758.581821, 757.661874, 756.739350, 756.027628, 754.961810, 753.829294, 753.221913, 751.861520, 750.860571, 750.104775, 749.447559, 748.583599, tempo_execucao: 18.506401
5685142.754692, 1718254.265474, 528012.839683, 157395.318195, 54093.089836, 21287.663195, 10544.969336, 5197.158401, 3328.463329, 2319.303025, 1842.652006, 1559.233830, 1452.649568, 1380.268274, 1346.233180, 1318.387592, 1308.612390, 1308.179382, 1301.432674, 1289.972824, 1280.956367, 1276.456766, 1272.594658, 1265.238796, 1255.891303, 1253.242357, 1247.553679, 1242.242556, 1234.771511, 1231.237220, 1226.144053, 1218.848561, 1211.275863, 1207.676560, 1204.854658, 1195.642226, 1192.313428, 1189.062984, 1184.399241, 1179.687962, 1177.038090, 1174.131872, 1170.257735, 1164.851942, 1161.395008, 1158.451148, 1151.482951, 1148.813827, 1143.528234, 1142.159783, 1138.274345, 1134.099447, 1130.847080, 1128.097047, 1122.740170, 1117.628013, 1116.798226, 1114.808201, 1109.418735, 1107.042705, 1105.019791, 1099.877653, 1098.724529, 1095.595350, 1094.199399, 1090.580147, 1087.635067, 1085.610612, 1082.278554, 1078.623371, 1073.882051, 1073.882051, 1069.158202, 1067.893284, 1063.823047, 1058.349481, 1058.349481, 1056.856074, 1053.648400, 1051.601229, 1049.607093, 1047.162182, 1044.080195, 1042.160466, 1037.898019, 1036.215919, 1032.082347, 1032.054674, 1028.384310, 1025.729629, 1023.435515, 1020.581541, 1017.248826, 1016.785956, 1012.789669, 1012.038189, 1008.447865, 1006.068490, 1003.850981, 1001.692024, 1000.401444, 998.033330, 995.398014, 993.679409, 992.218645, 989.803119, 987.283307, 985.327266, 983.376249, 980.486004, 979.653478, 978.455606, 976.134262, 973.316453, 971.917393, 967.786546, 967.551647, 965.348457, 963.654571, 962.040196, 960.672288, 958.243256, 956.819259, 954.147107, 951.879394, 950.283124, 948.534615, 946.595577, 944.775900, 943.597244, 941.961885, 940.519216, 938.948471, 936.834173, 935.274748, 934.029510, 931.710595, 930.126998, 929.018095, 926.850249, 925.306418, 923.700625, 922.031401, 919.732639, 919.032066, 917.221618, 915.497555, 914.376012, 912.931915, 910.656514, 909.004697, 908.683865, 906.778240, 904.779563, 902.851624, 902.309365, 900.074531, 899.503712, 898.454716, 896.672985, 894.940260, 893.967015, 891.487451, 890.210137, 889.345342, 887.893906, 883.987271, 883.987271, 882.960520, 881.386439, 879.849902, 878.545721, 878.162917, 875.388263, 875.388263, 873.708296, 872.569466, 871.196982, 869.878413, 868.582559, 866.632616, 865.691157, 864.301227, 863.445857, 862.531049, 861.235891, 859.157490, 857.317038, 856.226150, 854.804153, 853.907794, 853.068873, 851.522458, 850.074809, 849.044698, 848.222315, 846.438907, 845.954335, 844.417085, 843.534050, 842.568187, 841.107559, 839.698347, 838.643661, 837.891196, 836.778054, 834.996303, 833.770329, 832.747975, 831.824323, 831.135656, 830.232888, 829.308771, 827.865746, 826.094021, 825.088625, 824.829868, 822.918800, 822.369988, 821.877411, 820.321876, 819.738339, 818.258321, 817.186224, 816.395184, 814.743909, 814.209876, 813.604187, 812.390266, 811.723379, 811.065458, 809.195285, 808.365739, 806.903353, 806.227251, 805.412149, 804.595952, 803.485672, 802.632421, 801.147101, 801.147101, 799.694344, 798.303076, 797.744255, 796.802076, 795.650666, 794.937857, 794.025602, 792.961428, tempo_execucao: 19.046013
5762116.433471, 1755671.480902, 489376.020195, 165316.150082, 58290.674137, 24568.721856, 9964.259517, 5392.980379, 3337.174310, 2257.648898, 1803.300793, 1534.574683, 1430.496457, 1364.294576, 1314.384142, 1299.428552, 1282.306293, 1272.065729, 1260.712055, 1255.251452, 1250.567471, 1246.650707, 1241.189591, 1231.817223, 1227.038203, 1219.871764, 1216.248517, 1207.545380, 1201.431122, 1198.792397, 1194.561438, 1191.160232, 1183.880689, 1182.001399, 1175.528598, 1172.662293, 1169.353966, 1164.393609, 1158.854002, 1157.586625, 1155.034818, 1149.572492, 1145.928395, 1142.009739, 1137.663512, 1135.728679, 1130.288220, 1126.441267, 1122.418657, 1119.536969, 1115.988126, 1112.709170, 1109.890972, 1105.821468, 1104.241678, 1095.611916, 1095.611916, 1092.292387, 1090.548706, 1087.317628, 1080.412434, 1077.289778, 1075.497472, 1073.788680, 1071.628963, 1065.674818, 1065.674818, 1064.139980, 1061.828661, 1058.949397, 1055.592103, 1053.525285, 1052.099986, 1049.539167, 1047.446176, 1043.784204, 1042.059745, 1039.445667, 1036.245491, 1035.438554, 1032.277982, 1028.423263, 1026.133905, 1023.000817, 1022.982613, 1020.306032, 1016.956467, 1015.706059, 1012.581884, 1010.301631, 1006.797576, 1005.113226, 1001.135325, 999.428666, 997.416825, 996.135697, 994.757361, 992.649738, 988.961951, 987.744573, 986.114989, 984.260192, 981.077058, 979.893330, 978.073594, 974.429367, 972.935772, 971.738016, 969.932560, 967.566842, 966.058667, 963.009751, 962.433046, 961.455559, 957.996138, 956.751027, 955.289845, 953.646268, 949.535090, 947.970963, 946.222955, 943.759002, 943.536568, 941.722321, 940.093372, 938.172608, 936.786286, 935.205166, 932.825470, 931.681610, 930.152138, 929.679432, 928.364706, 926.377899, 925.545130, 924.341449, 920.949787, 920.565579, 918.653212, 916.860733, 916.009293, 914.626479, 913.211835, 911.718329, 909.881366, 907.926263, 906.364113, 904.979013, 903.169444, 901.647500, 900.773781, 898.380094, 897.650793, 895.439641, 893.943872, 893.324381, 891.081410, 890.628312, 889.038682, 887.416835, 885.413520, 884.776323, 883.490868, 881.303453, 881.087508, 879.707903, 878.315433, 877.043875, 875.456711, 874.120547, 872.946948, 871.706767, 870.065438, 868.356464, 867.369855, 866.080493, 864.688880, 863.308921, 862.406634, 860.484535, 859.039413, 857.177310, 856.981583, 855.631489, 854.849315, 853.524631, 852.387060, 850.891928, 849.233516, 846.835346, 846.783689, 844.946281, 844.662526, 843.558481, 841.923637, 841.382826, 840.257637, 838.652030, 837.620410, 836.962458, 835.515930, 834.682162, 833.560044, 832.578981, 831.556541, 830.508073, 828.192522, 827.005373, 826.799231, 825.988160, 824.119811, 823.636897, 821.957303, 821.125870, 820.271666, 818.530908, 817.092025, 815.810558, 815.536713, 814.350225, 813.467180, 812.572652, 811.680253, 810.080636, 809.224962, 807.632183, 807.433203, 806.049508, 804.648037, 803.365616, 803.099487, 801.978324, 801.497944, 800.212306, 799.377675, 798.683225, 797.142126, 797.055088, 795.602264, 794.755388, 793.969301, 792.490054, 791.746196, 791.026608, 789.979703, 789.199900, 788.156939, 787.173515, 786.285245, tempo_execucao: 18.626206
